route,Response Time (ms),responseCode
/matmul,671.5036844834685,200
/matmul,676.5522118657827,200
/matmul,1435.1339470595121,200
/matmul,2279.85636331141,200
/matmul,3307.6324742287397,200
/matmul,4488.943628035486,200
/matmul,5105.118873529136,200
/matmul,5186.008897610009,200
/matmul,5210.302712395787,200
/matmul,5234.991202130914,200
/matmul,5264.605874195695,200
/matmul,5278.189609758556,200
/matmul,5306.379873305559,200
/matmul,5343.300520442426,200
/matmul,5371.0426008328795,200
/matmul,5410.72487924248,200
/matmul,5446.590463630855,200
/matmul,5484.8224287852645,200
/matmul,5529.395821504295,200
/matmul,5570.646322332323,200
/matmul,5641.144924797118,200
/matmul,5683.093774132431,200
/matmul,5720.755401998758,200
/matmul,5758.497240953147,200
/matmul,5797.681804746389,200
/matmul,5834.89431347698,200
/matmul,5862.61291615665,200
/matmul,5888.516075909138,200
/matmul,5914.983653463423,200
/matmul,5942.493840120733,200
/matmul,5971.004134044051,200
/matmul,6001.959275454283,200
/matmul,6030.792518518865,200
/matmul,6057.123873382807,200
/matmul,6085.436878725886,200
/matmul,6712.433081120253,200
/matmul,6739.74480945617,200
/matmul,6763.596443459392,200
/matmul,6788.244785740972,200
/matmul,6825.430823490024,200
/matmul,6874.884377233684,200
/matmul,6909.674676135182,200
/matmul,6949.186501093209,200
/matmul,6974.254357628524,200
/matmul,7016.564837656915,200
/matmul,7076.7965679988265,200
/matmul,7998.922474682331,200
/matmul,8129.353880882263,200
/matmul,8173.0434549972415,200
/matmul,8199.142534285784,200
/matmul,7236.384615302086,200
/matmul,7269.912730902433,200
/matmul,7294.815136119723,200
/matmul,7328.605806455016,200
/matmul,7355.8733984827995,200
/matmul,7382.034647278488,200
/matmul,7425.208224914968,200
/matmul,7448.884206824005,200
/matmul,7490.206943824887,200
/matmul,7512.5947734341025,200
/matmul,7537.9607155919075,200
/matmul,7563.229586929083,200
/matmul,7587.472304701805,200
/matmul,7619.770363904536,200
/matmul,7660.549691878259,200
/matmul,7688.176058232784,200
/matmul,7709.7730608657,200
/matmul,7747.011031024158,200
/matmul,7792.099876329303,200
/matmul,7816.037226468325,200
/matmul,7848.216665908694,200
/matmul,7888.307358138263,200
/matmul,7931.539248675108,200
/matmul,7960.774904116988,200
/matmul,8001.095280051231,200
/matmul,8032.384793274105,200
/matmul,8066.871402785182,200
/matmul,8107.306567952037,200
/matmul,8144.609657116234,200
/matmul,8181.5334828570485,200
/matmul,8216.339838691056,200
/matmul,8256.735294125974,200
/matmul,8300.702308304608,200
/matmul,8347.906187176704,200
/matmul,8411.705170758069,200
/matmul,8487.888289615512,200
/matmul,8551.273800432682,200
/matmul,8594.688170589507,200
/matmul,8636.310757137835,200
/matmul,8701.201226562262,200
/matmul,8758.800027891994,200
/matmul,5780.714607797563,0
/matmul,8806.241224519908,200
/matmul,5811.765218153596,0
/matmul,8851.87680926174,200
/matmul,5871.569766663015,0
/matmul,8892.770427279174,200
/matmul,8931.322192773223,200
/matmul,5938.966203480959,0
/matmul,8988.307200372219,200
/matmul,6002.501949667931,0
/matmul,9035.697982646525,200
/matmul,9073.606460355222,200
/matmul,9110.375800170004,200
/matmul,6161.55974380672,0
/matmul,6163.72287645936,0
/matmul,9197.770328260958,200
/matmul,8345.115115866065,200
/matmul,8319.547640159726,200
/matmul,8424.771580845118,200
/matmul,8473.994918167591,200
/matmul,8516.538647003472,200
/matmul,8571.075349114835,200
/matmul,8605.576873756945,200
/matmul,9974.580934271216,0
/matmul,10226.12232528627,0
/matmul,10228.249040432274,0
/matmul,10229.863858781755,0
/matmul,10231.67048767209,0
/matmul,10234.113243408501,0
/matmul,10481.789811514318,0
/matmul,10486.015683971345,0
/matmul,10733.448148705065,0
/matmul,10731.901216320693,0
/matmul,10733.57783909887,0
/matmul,10736.214653588831,0
/matmul,10737.917047925293,0
/matmul,10739.944535307586,0
/matmul,10988.958952948451,0
/matmul,11240.246469154954,0
/matmul,11245.82263827324,0
/matmul,11749.041180126369,0
/matmul,11751.63983553648,0
/matmul,14050.548112019897,0
/matmul,14115.021688863635,200
/matmul,12143.445573747158,200
/matmul,12181.29388988018,200
/matmul,12215.501358732581,200
/matmul,12314.208453521132,200
/matmul,12388.704556971788,200
/matmul,13436.756581068039,200
/matmul,13468.754049390554,200
/matmul,13524.903474375606,200
/matmul,13599.067629314959,200
/matmul,14621.951055712998,200
/matmul,14663.478658534586,200
/matmul,14689.397775568068,200
/matmul,14732.695633545518,200
/matmul,14790.037758648396,200
/matmul,14427.886946126819,0
/matmul,14830.999130383134,200
/matmul,14974.542598240077,200
/matmul,15010.792993940413,200
/matmul,14111.989089287817,0
/matmul,15111.08110845089,200
/matmul,15146.196744404733,200
/matmul,15184.307598508894,200
/matmul,15228.737585246563,200
/matmul,15330.018016509712,200
/matmul,15357.321937568486,200
/matmul,15414.68168888241,200
/matmul,15474.04099535197,200
/matmul,15527.79400255531,200
/matmul,14584.89986229688,0
/matmul,14584.21194832772,0
/matmul,15623.8954635337,200
/matmul,15653.584942221642,200
/matmul,15694.539703428745,200
/matmul,15724.131560884416,200
/matmul,14771.24865911901,200
/matmul,14828.96732725203,200
/matmul,14842.890406027436,0
/matmul,14843.294492922723,0
/matmul,14845.077682286501,0
/matmul,15056.151632219553,200
/matmul,15091.543892398477,0
/matmul,15122.725929133594,200
/matmul,15177.049098536372,200
/matmul,15233.227256685495,200
/matmul,11300.366816110909,200
/matmul,15286.76665108651,200
/matmul,15315.284783020616,200
/matmul,14378.439982421696,200
/matmul,15353.346920572221,0
/matmul,15351.24754626304,0
/matmul,15368.613999336958,0
/matmul,15350.632898509502,0
/matmul,14399.476709775627,200
/matmul,11101.333558559418,200
/matmul,14674.538498744369,200
/matmul,11515.073273330927,200
/matmul,10545.895303599536,200
/matmul,14804.167746566236,200
/matmul,10572.102509438992,200
/matmul,11730.075446888804,200
/matmul,11817.714773118496,200
/matmul,15198.176984675229,200
/matmul,11841.273824684322,200
/matmul,15322.319438681006,200
/matmul,11883.792006410658,200
/matmul,11076.75143238157,200
/matmul,15546.024412848055,200
/matmul,11168.962426483631,200
/matmul,11319.359704852104,200
/matmul,11616.782372817397,200
/matmul,16351.535053923726,200
/matmul,12738.620622083545,200
/matmul,12793.85228548199,200
/matmul,11757.392552681267,200
/matmul,12784.272970631719,200
/matmul,18663.164938800037,200
/matmul,12861.797221004963,200
/matmul,12927.3543022573,200
/matmul,16836.782754398882,200
/matmul,11910.755390301347,200
/matmul,13043.68222784251,200
/matmul,16935.973584651947,200
/matmul,12927.569626830518,200
/matmul,19007.26683344692,200
/matmul,17051.886997185647,200
/matmul,17088.89419399202,200
/matmul,17136.499379761517,200
/matmul,11918.426342308521,200
/matmul,17233.4307404235,200
/matmul,14953.354551456869,200
/matmul,11992.300476878881,200
/matmul,17379.690936766565,200
/matmul,17418.81529800594,200
/matmul,11994.647890329361,200
/matmul,17504.80400584638,200
/matmul,17537.2692681849,200
/matmul,11962.612461298704,200
/matmul,11915.77806416899,200
/matmul,18663.507726974785,200
/matmul,18681.62722978741,200
/matmul,11801.511777564883,200
/matmul,11793.622960336506,200
/matmul,17782.22791478038,200
/matmul,17829.706710763276,200
/matmul,11760.019037872553,200
/matmul,14698.649505153298,200
/matmul,14687.891601584852,200
/matmul,11708.287797868252,200
/matmul,19003.570799715817,200
/matmul,12571.360091678798,200
/matmul,6837.784880772233,200
/matmul,6840.093260630965,200
/matmul,9054.054123349488,200
/matmul,6075.135943479836,200
/matmul,7165.431786328554,200
/matmul,12055.036970414221,200
/matmul,12727.287995629013,200
/matmul,15235.85339076817,200
/matmul,12965.102389454842,200
/matmul,13025.758662261069,200
/matmul,19502.060433849692,200
/matmul,15882.31882546097,200
/matmul,8757.323627360165,200
/matmul,12818.887770175934,200
/matmul,6803.145570680499,200
/matmul,8662.02702280134,200
/matmul,19672.521581873298,200
/matmul,19711.66288200766,200
/matmul,19743.891088292003,200
/matmul,19778.369389474392,200
/matmul,19803.246057592332,200
/matmul,13011.569747701287,200
/matmul,8707.72876124829,200
/matmul,8690.541841089725,200
/matmul,13868.974562734365,200
/matmul,13246.753948740661,200
/matmul,13046.738404780626,200
/matmul,5692.980088293552,200
/matmul,8667.921188287437,200
/matmul,8656.154777854681,200
/matmul,20183.42239409685,200
/matmul,12606.863019056618,200
/matmul,20259.87858325243,200
/matmul,20303.903067484498,200
/matmul,8588.317495770752,200
/matmul,12649.612528271973,200
/matmul,8623.361836187541,200
/matmul,8411.30701545626,200
/matmul,5424.442335963249,200
/matmul,8763.659536838531,200
/matmul,20598.07227551937,200
/matmul,20633.348831906915,200
/matmul,12626.203299500048,200
/matmul,12689.330035820603,200
/matmul,12480.620515532792,200
/matmul,13106.66476469487,200
/matmul,5151.25375892967,200
/matmul,5126.703472808003,200
/matmul,19966.150714084506,200
/matmul,19996.39463517815,200
/matmul,13361.70356348157,200
/matmul,12907.235928811133,200
/matmul,13065.170548856258,200
/matmul,6262.966400012374,200
/matmul,13440.152490511537,200
/matmul,13493.48486866802,200
/matmul,20656.050577759743,200
/matmul,12981.644252315164,200
/matmul,5912.546182982624,200
/matmul,20794.37511973083,200
/matmul,5172.179036773741,200
/matmul,4998.3369233086705,200
/matmul,13174.435784108937,200
/matmul,5598.155871964991,200
/matmul,10525.694648735225,200
/matmul,4665.451812557876,200
/matmul,13648.116214200854,200
/matmul,5790.692222304642,200
/matmul,4660.373468883336,200
/matmul,5625.569108873606,200
/matmul,5736.020541749895,200
/matmul,14373.78488201648,200
/matmul,10933.13461728394,200
/matmul,6042.082572355866,200
/matmul,5920.317773707211,200
/matmul,6348.34442846477,200
/matmul,6366.9278007000685,200
/matmul,4918.239971622825,200
/matmul,4951.066214591265,200
/matmul,14934.352258220315,200
/matmul,13751.605891622603,200
/matmul,5945.224839262664,200
/matmul,8210.26953496039,200
/matmul,15050.611441023648,200
/matmul,11188.164027407765,0
/matmul,28976.370917633176,200
/matmul,29462.436425499618,200
/matmul,13997.06498067826,200
/matmul,10992.563059553504,200
/matmul,13143.942619673908,200
/matmul,12199.220939539373,200
/matmul,11936.105859465897,200
/matmul,11938.4597055614,200
/matmul,12266.89846161753,200
/matmul,27551.82123091072,200
/matmul,10882.966725155711,200
/matmul,13855.006244033575,200
/matmul,13897.090421058238,200
/matmul,10786.968980915844,200
/matmul,11761.461596935987,200
/matmul,13747.178967110813,200
/matmul,13719.848834909499,200
/matmul,13764.703223481774,200
/matmul,12755.863297730684,200
/matmul,25628.93865350634,200
/matmul,13232.055641710758,200
/matmul,18053.39030083269,200
/matmul,17993.746210820973,200
/matmul,13836.44232340157,200
/matmul,13808.074537664652,200
/matmul,12836.389623582363,200
/matmul,11840.610538609326,200
/matmul,10891.227384097874,200
/matmul,13795.386116951704,200
/matmul,13768.244279548526,200
/matmul,11770.73466964066,200
/matmul,13806.1598893255,200
/matmul,13824.624377302825,200
/matmul,11131.197392009199,200
/matmul,11157.855941914022,200
/matmul,21018.43744330108,200
/matmul,21063.311709091067,200
/matmul,14212.104351259768,200
/matmul,11817.43750255555,200
/matmul,10811.359962448478,200
/matmul,10823.31374939531,200
/matmul,14212.36733160913,200
/matmul,11268.016511574388,200
/matmul,14020.033313892782,200
/matmul,14035.262218676507,200
/matmul,10986.086180433631,200
/matmul,11780.958897434175,200
/matmul,14224.496017210186,200
/matmul,14017.231686972082,200
/matmul,26272.662254050374,200
/matmul,10966.05514921248,200
/matmul,14201.923782005906,200
/matmul,10921.819993294775,200
/matmul,11042.048308067024,200
/matmul,10929.161224514246,200
/matmul,11065.7725809142,200
/matmul,26432.656756602228,200
/matmul,10832.571253180504,200
/matmul,11017.414697445929,200
/matmul,10811.924260109663,200
/matmul,10822.897641919553,200
/matmul,10871.403336524963,200
/matmul,10809.457286261022,200
/matmul,10833.441583439708,200
/matmul,11073.822880163789,200
/matmul,10989.757158793509,200
/matmul,11977.313348092139,200
/matmul,12017.388952895999,200
/matmul,11077.809383161366,200
/matmul,11270.037667825818,200
/matmul,11340.363753028214,200
/matmul,12204.134417697787,200
/matmul,11039.222840219736,200
/matmul,11165.789062157273,200
/matmul,11082.75134023279,200
/matmul,12100.246698595583,200
/matmul,11040.49947205931,200
/matmul,11699.34048037976,200
/matmul,11611.242847517133,200
/matmul,11279.601341113448,200
/matmul,11176.753943786025,200
/matmul,11205.765112303197,200
/matmul,12217.907631769776,200
/matmul,11140.32268896699,200
/matmul,18340.184342116117,200
/matmul,12167.757960036397,200
/matmul,11142.350285314023,200
/matmul,12149.68847669661,200
/matmul,18155.300301499665,200
/matmul,18737.976813688874,200
/matmul,11342.363968491554,200
/matmul,26314.18524403125,200
/matmul,11280.99922183901,200
/matmul,10887.478194199502,200
/matmul,11594.986829906702,200
/matmul,10926.590826362371,200
/matmul,13847.177855670452,200
/matmul,14205.627086572349,200
/matmul,12019.218368455768,200
/matmul,10998.300358653069,200
/matmul,11007.010541856289,200
/matmul,26556.599099189043,200
/matmul,8440.654250793159,200
/matmul,12056.698381900787,0
/matmul,20215.1791555807,200
/matmul,13182.596942409873,200
/matmul,13262.943242676556,200
/matmul,13200.962009839714,200
/matmul,13363.468752242625,200
/matmul,28126.25386286527,200
/matmul,28046.249397099018,200
/matmul,13931.159192696214,200
/matmul,13684.555992484093,200
/matmul,28530.590708367527,200
/matmul,28683.95319301635,200
/matmul,29230.127405375242,200
/matmul,29324.97867103666,200
/matmul,13914.92744255811,200
/matmul,14062.008730135858,200
/matmul,14145.71757428348,200
/matmul,14225.915037095547,200
/matmul,7017.3897203058,200
/matmul,17053.559695370495,200
/matmul,28996.80487718433,200
/matmul,29089.190147817135,200
/matmul,29313.651687465608,200
/matmul,14209.612806327641,200
/matmul,36231.70399386436,200
/matmul,36272.20780029893,200
/matmul,36316.21630676091,200
/matmul,36357.53424651921,200
/matmul,19982.403091154993,200
/matmul,14291.972492821515,200
/matmul,14508.802632801235,200
/matmul,14314.919211901724,200
/matmul,14253.3028582111,200
/matmul,14226.631360128522,200
/matmul,14713.451935909688,200
/matmul,14804.560521617532,200
/matmul,7267.593862488866,200
/matmul,16567.72372685373,200
/matmul,36875.935127958655,200
/matmul,36943.15060693771,200
/matmul,37080.7491671294,200
/matmul,7316.480008885264,200
/matmul,7343.3142472058535,200
/matmul,7410.09146720171,200
/matmul,14832.916582003236,200
/matmul,14835.431977175176,200
/matmul,7437.240458093584,200
/matmul,7567.780937999487,200
/matmul,15101.716050878167,200
/matmul,15265.157734975219,200
/matmul,30213.354401290417,200
/matmul,23054.579741321504,200
/matmul,15553.313517943025,200
/matmul,7684.066857211292,200
/matmul,14806.394804269075,200
/matmul,15010.596882551908,200
/matmul,15217.216966673732,200
/matmul,15071.73743005842,200
/matmul,15111.211547628045,200
/matmul,15315.919344313443,200
/matmul,8166.216773912311,200
/matmul,8195.568127557635,200
/matmul,8213.328756392002,200
/matmul,8239.309158176184,200
/matmul,38961.55154239386,200
/matmul,39064.86897915602,200
/matmul,9169.092619791627,200
/matmul,23557.85345006734,200
/matmul,23662.46805526316,200
/matmul,23854.08146865666,200
/matmul,15594.002861529589,200
/matmul,39449.00990463793,200
/matmul,15581.571125425398,200
/matmul,25600.97562894225,200
/matmul,31996.98495771736,200
/matmul,8971.956122666597,200
/matmul,7990.137273445725,200
/matmul,9006.009507924318,200
/matmul,7985.162144526839,200
/matmul,9840.286408551037,200
/matmul,16144.304106011987,200
/matmul,8962.837900035083,200
/matmul,16181.95553123951,200
/matmul,7836.546501144767,200
/matmul,14966.632395982742,200
/matmul,8957.222912460566,200
/matmul,15784.830244258046,200
/matmul,24187.30370607227,200
/matmul,8849.132827483118,200
/matmul,8892.185374163091,200
/matmul,9272.123945876956,200
/matmul,38527.42436993867,200
/matmul,8889.707084745169,200
/matmul,8926.025801338255,200
/matmul,8861.571690998971,200
/matmul,17057.733967900276,200
/matmul,9547.63999581337,200
/matmul,8950.599172152579,200
/matmul,9392.756666988134,200
/matmul,7771.855684928596,200
/matmul,7993.093146942556,200
/matmul,8979.683852754533,200
/matmul,8741.713561117649,200
/matmul,9353.976189158857,200
/matmul,9401.730949990451,200
/matmul,7480.895164422691,200
/matmul,10354.241085238755,200
/matmul,6536.2493032589555,200
/matmul,7647.81909994781,200
/matmul,6466.984579339623,200
/matmul,7467.514356598258,200
/matmul,7513.854160904884,200
/matmul,7371.422941796482,200
/matmul,7157.759917899966,200
/matmul,8004.130671732128,200
/matmul,6555.548277683556,200
/matmul,8488.930231891572,200
/matmul,38199.86206293106,200
/matmul,7059.922688640654,200
/matmul,21316.22933037579,200
/matmul,6003.234842792153,200
/matmul,7774.503726512194,200
/matmul,9106.27124644816,200
/matmul,6278.316644020379,200
/matmul,7100.523229688406,200
/matmul,9370.660671032965,200
/matmul,12212.622473016381,200
/matmul,9825.671257451177,200
/matmul,10200.494658201933,200
/matmul,7222.807283513248,200
/matmul,9174.878452904522,200
/matmul,8212.039014324546,200
/matmul,9176.068747416139,200
/matmul,9156.86290152371,200
/matmul,21392.302830703557,200
/matmul,21524.020172655582,200
/matmul,7042.863229289651,200
/matmul,6150.816825218499,200
/matmul,6349.785717204213,200
/matmul,9174.223736859858,200
/matmul,7269.304092042148,200
/matmul,9328.136450611055,200
/matmul,7273.40873144567,200
/matmul,10275.080733001232,200
/matmul,6288.394328206778,200
/matmul,6320.530467666686,200
/matmul,9573.028433136642,200
/matmul,6263.697189278901,200
/matmul,9302.407530136406,200
/matmul,9501.720308326185,200
/matmul,6213.110622949898,200
/matmul,20473.697963170707,200
/matmul,6564.43184800446,200
/matmul,13367.252729833126,200
/matmul,10347.903068177402,200
/matmul,6828.030640259385,200
/matmul,6091.603469103575,200
/matmul,13583.033353090286,200
/matmul,13636.245449073613,200
/matmul,6518.661014735699,200
/matmul,9786.244445480406,200
/matmul,13390.400902368128,200
/matmul,13191.40911474824,200
/matmul,6915.90019967407,200
/matmul,13422.518496401608,200
/matmul,5863.314857706428,200
/matmul,21676.8448529765,200
/matmul,21524.845596402884,200
/matmul,6670.556236058474,200
/matmul,21616.16470851004,200
/matmul,6661.113006994128,200
/matmul,21745.691780000925,200
/matmul,13491.30102340132,200
/matmul,5595.485433936119,200
/matmul,7222.121908329427,200
/matmul,6441.353517584503,200
/matmul,13698.696378618479,200
/matmul,5276.444076560438,200
/matmul,6488.96399140358,200
/matmul,6337.5931866467,200
/matmul,13801.353061571717,200
/matmul,6303.056520409882,200
/matmul,5686.610633507371,200
/matmul,6323.905138298869,200
/matmul,12545.97376845777,200
/matmul,36923.83444495499,200
/matmul,6381.020409986377,200
/matmul,6395.2600276097655,200
/matmul,13473.88487868011,200
/matmul,14259.026825428009,200
/matmul,36960.25428548455,200
/matmul,5072.181579656899,200
/matmul,5079.016948118806,200
/matmul,36475.36512929946,200
/matmul,6647.551512345672,200
/matmul,12069.053850136697,200
/matmul,4824.286820366979,200
/matmul,7928.990594111383,200
/matmul,5116.236463189125,200
/matmul,36955.273118801415,200
/matmul,12783.70984364301,200
/matmul,37169.15528289974,200
/matmul,8317.495978437364,200
/matmul,5339.899464510381,200
/matmul,5380.7308729738,200
/matmul,6397.754246369004,200
/matmul,8416.826708242297,200
/matmul,6401.746797375381,200
/matmul,5219.052509404719,200
/matmul,7045.341240242124,200
/matmul,8317.993635311723,200
/matmul,5365.375137887895,200
/matmul,6876.0710610076785,200
/matmul,5482.31050837785,200
/matmul,6166.158547624946,200
/matmul,6253.265453502536,200
/matmul,5840.647462755442,200
/matmul,5736.061428673565,200
/matmul,12892.43231061846,200
/matmul,6680.350515060127,200
/matmul,22770.06507012993,200
/matmul,14518.949191085994,200
/matmul,6662.863099016249,200
/matmul,13299.420656636357,200
/matmul,5920.173990540206,200
/matmul,6974.162242375314,200
/matmul,6965.931984595954,200
/matmul,8960.001638159156,200
/matmul,7005.233607254922,200
/matmul,6791.199396364391,200
/matmul,7078.707178123295,200
/matmul,6810.802227817476,200
/matmul,5844.726572744548,200
/matmul,6229.305640794337,200
/matmul,7057.517246343195,200
/matmul,7694.238675758243,200
/matmul,9666.52981378138,200
/matmul,7225.529465824366,200
/matmul,13520.506726577878,200
/matmul,6311.792387627065,200
/matmul,6387.905635870993,200
/matmul,6352.029236964881,200
/matmul,6278.960555791855,200
/matmul,7548.433853313327,200
/matmul,6052.010507322848,200
/matmul,8960.542311891913,200
/matmul,9381.33676815778,200
/matmul,6045.441626571119,200
/matmul,9409.642606042325,200
/matmul,6593.991411849856,200
/matmul,14654.778510332108,200
/matmul,6341.485844925046,200
/matmul,6393.359269946814,200
/matmul,6563.657713122666,200
/matmul,6361.803034320474,200
/matmul,6410.140773281455,200
/matmul,7005.629971623421,200
/matmul,13093.948734924197,200
/matmul,6983.765287324786,200
/matmul,6044.625132344663,200
/matmul,6076.507276855409,200
/matmul,13636.234985664487,200
/matmul,6160.601096227765,200
/matmul,6206.615270115435,200
/matmul,13489.002185873687,200
/matmul,6565.2288207784295,200
/matmul,6690.281703136861,200
/matmul,7415.473629720509,200
/matmul,6762.2171165421605,200
/matmul,10112.54841927439,200
/matmul,13960.241825319827,200
/matmul,6738.322744145989,200
/matmul,6771.59221470356,200
/matmul,6805.8763816952705,200
/matmul,7827.9030080884695,200
/matmul,7911.777094937861,200
/matmul,7825.926792807877,200
/matmul,6944.330288097262,200
/matmul,7972.810975275934,200
/matmul,7907.405714504421,200
/matmul,8003.399943001568,200
/matmul,10019.944692030549,200
/matmul,8038.351450115442,200
/matmul,8024.7201239690185,200
/matmul,8077.79857609421,200
/matmul,10177.673291414976,200
/matmul,10113.307502120733,200
/matmul,6830.1569651812315,200
/matmul,13958.43390841037,200
/matmul,14085.364979691803,200
/matmul,8096.596767194569,200
/matmul,7096.156150102615,200
/matmul,7128.124627284706,200
/matmul,7113.662546500564,200
/matmul,8134.396563284099,200
/matmul,7055.233274586499,200
/matmul,10052.954833954573,200
/matmul,7119.406935758889,200
/matmul,10036.010215990245,200
/matmul,7113.125154748559,200
/matmul,10031.986790709198,200
/matmul,7168.399358168244,200
/matmul,7182.9255502671,200
/matmul,8017.431613057852,200
/matmul,9965.503240935504,200
/matmul,45511.143585667014,200
/matmul,6982.537028379738,200
/matmul,6944.912789389491,200
/matmul,10389.866924844682,200
/matmul,7476.646972820163,200
/matmul,7004.342502914369,200
/matmul,7682.783212512732,200
/matmul,14407.509179785848,200
/matmul,7643.670081160963,200
/matmul,10532.256820239127,200
/matmul,9887.534007430077,200
/matmul,22275.487683713436,200
/matmul,7890.304232947528,200
/matmul,45406.076952815056,200
/matmul,10329.692211933434,200
/matmul,6866.950231604278,200
/matmul,14388.455715030432,200
/matmul,6879.686029627919,200
/matmul,10833.748241886497,200
/matmul,7925.7707158103585,200
/matmul,8434.176267124712,200
/matmul,7708.909719251096,200
/matmul,8414.135471917689,200
/matmul,22747.587543912232,200
/matmul,22860.90070195496,200
/matmul,22995.216417126358,200
/matmul,8346.888978034258,200
/matmul,9833.057628013194,200
/matmul,14941.113831475377,200
/matmul,6919.289919547737,200
/matmul,8307.284793816507,200
/matmul,8055.874607525766,200
/matmul,8898.873429745436,200
/matmul,9018.70595663786,200
/matmul,6977.572035044432,200
/matmul,6864.9728540331125,200
/matmul,9904.027723707259,200
/matmul,9114.59599621594,200
/matmul,8632.404329255223,200
/matmul,9457.001488655806,200
/matmul,8750.335942022502,200
/matmul,7428.698351606727,200
/matmul,9855.713811703026,200
/matmul,14995.76645437628,200
/matmul,7833.916882053018,200
/matmul,7901.200843043625,200
/matmul,7687.760255299509,200
/matmul,14190.683082677424,200
/matmul,6771.7709094285965,200
/matmul,9599.515359848738,200
/matmul,8918.105741031468,200
/matmul,7893.581924028695,200
/matmul,12967.177525162697,200
/matmul,22597.152745351195,200
/matmul,10171.553106047213,200
/matmul,9015.54143615067,200
/matmul,10232.3690475896,200
/matmul,6953.652434982359,200
/matmul,9605.871519073844,200
/matmul,22994.54734660685,200
/matmul,7651.638763956726,200
/matmul,10471.215900033712,200
/matmul,6344.860170967877,200
/matmul,6597.04318922013,200
/matmul,37904.538995586336,200
/matmul,13719.950241968036,200
/matmul,22201.038045808673,200
/matmul,22313.680696301162,200
/matmul,38113.57516143471,200
/matmul,6121.642352081835,200
/matmul,10041.21870175004,200
/matmul,6087.47520390898,200
/matmul,9275.20972955972,200
/matmul,6039.304939098656,200
/matmul,6136.957444250584,200
/matmul,6145.091752521694,200
/matmul,8357.913291081786,200
/matmul,9171.745520085096,200
/matmul,38701.35810691863,200
/matmul,7161.388740874827,200
/matmul,7158.08030962944,200
/matmul,9139.937517233193,200
/matmul,7605.789319612086,200
/matmul,7621.429631486535,200
/matmul,7421.317237429321,200
/matmul,6278.01922429353,200
/matmul,9687.215210869908,200
/matmul,8515.014783479273,200
/matmul,6825.303876772523,200
/matmul,10097.313246689737,200
/matmul,7400.961812585592,200
/matmul,9919.606994837523,200
/matmul,9459.276377223432,200
/matmul,38285.64711846411,200
/matmul,6553.048298694193,200
/matmul,7022.291529923677,200
/matmul,6570.814281702042,200
/matmul,6595.391301438212,200
/matmul,6587.172813713551,200
/matmul,12670.958342961967,200
/matmul,38759.81033779681,200
/matmul,10032.669506035745,200
/matmul,9722.975388169289,200
/matmul,7841.846311464906,200
/matmul,22038.937609642744,200
/matmul,16910.457252524793,200
/matmul,6774.208294227719,200
/matmul,9688.70060890913,200
/matmul,6718.913742341101,200
/matmul,9441.774579696357,200
/matmul,9720.796919427812,200
/matmul,13903.935530222952,200
/matmul,6721.518888138235,200
/matmul,13881.341325119138,200
/matmul,7355.289285071194,200
/matmul,7315.608632750809,200
/matmul,14210.704296827316,200
/matmul,7175.730715505779,200
/matmul,7313.987961038947,200
/matmul,7410.610946826637,200
/matmul,14246.394437737763,200
/matmul,6599.8731488361955,200
/matmul,13046.02317046374,200
/matmul,13854.811150580645,200
/matmul,6602.768702432513,200
/matmul,9678.144723176956,200
/matmul,7569.100023247302,200
/matmul,6504.171661101282,200
/matmul,7567.396349273622,200
/matmul,6616.3957649841905,200
/matmul,13892.023323103786,200
/matmul,7007.323354482651,200
/matmul,6533.390589058399,200
/matmul,7818.671956658363,200
/matmul,40845.0069623068,200
/matmul,8322.17668928206,200
/matmul,8196.795330382884,200
/matmul,7417.067578062415,200
/matmul,8301.426922902465,200
/matmul,9632.842686958611,200
/matmul,6205.008378252387,200
/matmul,7178.733641281724,200
/matmul,8047.992789186537,200
/matmul,7322.814141400158,200
/matmul,13735.60730740428,200
/matmul,14641.30776654929,200
/matmul,9238.132950849831,200
/matmul,14627.705848775804,200
/matmul,16015.664408914745,200
/matmul,9440.080209635198,200
/matmul,7430.529993027449,200
/matmul,10462.929399684072,200
/matmul,7519.262214191258,200
/matmul,7519.871309399605,200
/matmul,7605.460573919117,200
/matmul,7563.107877038419,200
/matmul,6318.557342514396,200
/matmul,6329.7404162585735,200
/matmul,6648.821414448321,200
/matmul,6383.237128145993,200
/matmul,6335.560915060341,200
/matmul,7336.043575778604,200
/matmul,7296.535935252905,200
/matmul,12869.591739028692,200
/matmul,7835.801398381591,200
/matmul,6387.210415676236,200
/matmul,21789.624414406717,200
/matmul,15524.47527833283,200
/matmul,14462.833314202726,200
/matmul,7330.62435593456,200
/matmul,7618.18499583751,200
/matmul,6838.067762553692,200
/matmul,9584.043141454458,200
/matmul,9711.062708869576,200
/matmul,7521.008489653468,200
/matmul,6787.738055922091,200
/matmul,13705.784265883267,200
/matmul,7542.241899296641,200
/matmul,8247.105964459479,200
/matmul,6830.136811360717,200
/matmul,6580.286373384297,200
/matmul,9908.19035563618,200
/matmul,9477.140971459448,200
/matmul,6403.37473154068,200
/matmul,6980.493622832,200
/matmul,6593.049895018339,200
/matmul,7393.733334727585,200
/matmul,9372.99685832113,200
/matmul,16381.504147313535,200
/matmul,7520.371804945171,200
/matmul,7300.888821482658,200
/matmul,9975.581905804574,200
/matmul,10182.136469520628,200
/matmul,7788.781428709626,200
/matmul,7162.570301443338,200
/matmul,6299.86406583339,200
/matmul,8152.634358033538,200
/matmul,6680.501286871731,200
/matmul,6203.972960822284,200
/matmul,6387.236386537552,200
/matmul,8378.420167602599,200
/matmul,6135.8313690871,200
/matmul,6169.381140731275,200
/matmul,7096.428879536688,200
/matmul,13627.851404249668,200
/matmul,6225.22284835577,200
/matmul,6056.832849979401,200
/matmul,7066.081752069294,200
/matmul,6171.786446124315,200
/matmul,7186.043364927173,200
/matmul,8687.23957799375,200
/matmul,6444.328423589468,200
/matmul,9500.50715263933,200
/matmul,9392.828141339123,200
/matmul,7501.381067559123,200
/matmul,7156.634273938835,200
/matmul,7748.6407533288,200
/matmul,6761.323686689138,200
/matmul,7705.7491252198815,200
/matmul,7882.011667825282,200
/matmul,6703.847314231098,200
/matmul,6873.304145410657,200
/matmul,9717.10814256221,200
/matmul,10104.846308007836,200
/matmul,6848.175193183124,200
/matmul,10156.359508633614,200
/matmul,14212.3671034351,200
/matmul,7929.3386889621615,200
/matmul,8014.910887926817,200
/matmul,8229.852478951216,200
/matmul,7112.235087901354,200
/matmul,8162.968842312694,200
/matmul,8267.558846622705,200
/matmul,10000.97394362092,200
/matmul,8301.977012306452,200
/matmul,10158.171629533172,200
/matmul,7367.858004756272,200
/matmul,10235.210536047816,200
/matmul,14137.274713255465,200
/matmul,10211.240314878523,200
/matmul,6794.445124454796,200
/matmul,10817.136754281819,200
/matmul,9856.893889605999,200
/matmul,9811.481719836593,200
/matmul,14232.508116401732,200
/matmul,7977.385766804218,200
/matmul,11114.947917871177,200
/matmul,22248.01097624004,200
/matmul,22209.92910861969,200
/matmul,6783.659551292658,200
/matmul,6791.395442560315,200
/matmul,13843.483933247626,200
/matmul,7636.200948618352,200
/matmul,38595.10733559728,200
/matmul,38606.905311346054,200
/matmul,6748.567851260304,200
/matmul,14151.126275770366,200
/matmul,6988.201992586255,200
/matmul,7151.988532394171,200
/matmul,8404.344106093049,200
/matmul,22772.157880477607,200
/matmul,10159.959429875016,200
/matmul,39103.84085495025,200
/matmul,8487.752865068614,200
/matmul,23142.49280653894,200
/matmul,8214.449550025165,200
/matmul,15105.713543482125,200
/matmul,7585.491923615336,200
/matmul,7181.393835693598,200
/matmul,8195.927147753537,200
/matmul,10191.710360348225,200
/matmul,23855.949617922306,200
/matmul,9992.412452585995,200
/matmul,22590.348333120346,200
/matmul,7880.911390297115,200
/matmul,8400.59772785753,200
/matmul,7955.439403653145,200
/matmul,8942.785456776619,200
/matmul,8040.886838920414,200
/matmul,10033.04837550968,200
/matmul,15028.695494867861,200
/matmul,6998.8462487235665,200
/matmul,7970.60985211283,200
/matmul,23312.26053275168,200
/matmul,9107.960441149771,200
/matmul,11128.205354325473,200
/matmul,7171.86021246016,200
/matmul,14474.137138575315,200
/matmul,7122.318487614393,200
/matmul,7281.0396095737815,200
/matmul,8221.372157335281,200
/matmul,8280.447627417743,200
/matmul,8152.265351265669,200
/matmul,8210.856250487268,200
/matmul,22574.156439863145,200
/matmul,7313.314746133983,200
/matmul,8058.751660399139,200
/matmul,10055.947654880583,200
/matmul,8118.864087387919,200
/matmul,8231.605960987508,200
/matmul,7081.569975242019,200
/matmul,7328.151203691959,200
/matmul,22618.281688541174,200
/matmul,38748.054972849786,200
/matmul,8340.857235714793,200
/matmul,8260.621646419168,200
/matmul,8273.062539286911,200
/matmul,8888.364488258958,200
/matmul,7586.184958927333,200
/matmul,10383.527234196663,200
/matmul,15297.55910858512,200
/matmul,14772.19845354557,200
/matmul,7084.222514182329,200
/matmul,6981.942853890359,200
/matmul,7835.819226689637,200
/matmul,22675.728746689856,200
/matmul,8093.393419869244,200
/matmul,7591.924357227981,200
/matmul,8017.470044083893,200
/matmul,8573.933859355748,200
/matmul,10502.207480370998,200
/matmul,7868.972092866898,200
/matmul,8715.759271755815,200
/matmul,10740.72131793946,200
/matmul,23819.511217065156,200
/matmul,8159.470693208277,200
/matmul,8228.883856907487,200
/matmul,8123.428408056498,200
/matmul,7011.374343186617,200
/matmul,7399.613014422357,200
/matmul,8405.290842056274,200
/matmul,8611.647904850543,200
/matmul,11256.503008306026,200
/matmul,6900.721994228661,200
/matmul,9792.117681354284,200
/matmul,7950.32131485641,200
/matmul,14492.306151427329,200
/matmul,11188.598213717341,200
/matmul,7857.868554070592,200
/matmul,7409.851208329201,200
/matmul,8034.574696794152,200
/matmul,7012.275791727006,200
/matmul,7719.756458885968,200
/matmul,9022.111065685749,200
/matmul,8064.4239550456405,200
/matmul,9201.165506616235,200
/matmul,12899.582196958363,200
/matmul,10076.51888858527,200
/matmul,13045.98467424512,200
/matmul,10062.010103836656,200
/matmul,23241.050080396235,200
/matmul,14351.225717924535,200
/matmul,10028.221411630511,200
/matmul,7420.062016695738,200
/matmul,10484.215773642063,200
/matmul,12462.314256466925,200
/matmul,10068.752405233681,200
/matmul,8557.351886294782,200
/matmul,12897.320293821394,200
/matmul,10016.90741814673,200
/matmul,6969.040641561151,200
/matmul,10013.632382266223,200
/matmul,7057.390998117626,200
/matmul,7124.67588018626,200
/matmul,7095.676179975271,200
/matmul,15098.372338339686,200
/matmul,6933.094631880522,200
/matmul,6923.2817171141505,200
/matmul,6552.064658142626,200
/matmul,10326.29811950028,200
/matmul,7427.2686168551445,200
/matmul,14750.01962389797,200
/matmul,6626.512084156275,200
/matmul,8186.228536069393,200
/matmul,10475.848782807589,200
/matmul,7481.623159721494,200
/matmul,12563.786996528506,200
/matmul,6770.463239401579,200
/matmul,7780.043479055166,200
/matmul,6680.802218616009,200
/matmul,7746.011448092759,200
/matmul,7664.1598818823695,200
/matmul,14367.33519192785,200
/matmul,11049.075055867434,200
/matmul,6691.088203340769,200
/matmul,7898.911985568702,200
/matmul,7487.549980171025,200
/matmul,7357.768850401044,200
/matmul,8200.624592602253,200
/matmul,10820.98117377609,200
/matmul,7569.398426450789,200
/matmul,6637.356993742287,200
/matmul,9571.05908729136,200
/matmul,6840.545538812876,200
/matmul,6635.20946726203,200
/matmul,7023.034993559122,200
/matmul,7091.149862855673,200
/matmul,7080.065433867276,200
/matmul,8377.695358358324,200
/matmul,8811.954699456692,200
/matmul,7304.326165467501,200
/matmul,10268.53371784091,200
/matmul,7404.004364274442,200
/matmul,8111.552493646741,200
/matmul,7743.751339614391,200
/matmul,9286.211335100234,200
/matmul,14922.267734073102,200
/matmul,7329.678581096232,200
/matmul,71778.70123460889,200
/matmul,7339.481491595507,200
/matmul,13673.776637762785,200
/matmul,71932.91423562914,200
/matmul,72952.49091088772,200
/matmul,7441.584886051714,200
/matmul,72973.7934526056,200
/matmul,11244.871473871171,200
/matmul,73462.22848817706,200
/matmul,73708.27670115978,200
/matmul,14712.154930457473,200
/matmul,14790.789721533656,200
/matmul,7352.203326299787,200
/matmul,7389.633810147643,200
/matmul,7372.401833534241,200
/matmul,7156.6912000998855,200
/matmul,10762.587485834956,200
/matmul,74020.3508939594,200
/matmul,10794.212388806045,200
/matmul,7475.0201450660825,200
/matmul,9899.892471730709,200
/matmul,7365.172187797725,200
/matmul,7471.019884571433,200
/matmul,22252.834795974195,200
/matmul,14177.013308741152,200
/matmul,6991.764137521386,200
/matmul,10837.24373858422,200
/matmul,8597.09822293371,200
/matmul,7630.388014018536,200
/matmul,7529.563792049885,200
/matmul,74550.56750681251,200
/matmul,74749.1562962532,200
/matmul,7294.833949767053,200
/matmul,9362.497015856206,200
/matmul,7424.778820946813,200
/matmul,6541.275843046606,200
/matmul,6937.915495596826,200
/matmul,6424.335547722876,200
/matmul,8009.131314232945,200
/matmul,9677.64609772712,200
/matmul,8298.857845366001,200
/matmul,6389.641996473074,200
/matmul,7469.416915439069,200
/matmul,9696.665524505079,200
/matmul,6462.208805605769,200
/matmul,7429.123909212649,200
/matmul,7497.318240813911,200
/matmul,9751.374342478812,200
/matmul,7451.176664792001,200
/matmul,7578.843394294381,200
/matmul,9444.148893468082,200
/matmul,7421.123057603836,200
/matmul,11508.189999498427,200
/matmul,6438.098940998316,200
/matmul,6469.566214829683,200
/matmul,9520.144935697317,200
/matmul,6629.430978558958,200
/matmul,6519.311312586069,200
/matmul,9698.945469222963,200
/matmul,6605.006260797381,200
/matmul,7611.781541258097,200
/matmul,16871.805973351,200
/matmul,6713.848765939474,200
/matmul,9850.198755040765,200
/matmul,9913.463323377073,200
/matmul,9917.396363802254,200
/matmul,8048.4589245170355,200
/matmul,14168.729336932302,200
/matmul,6921.00918199867,200
/matmul,7291.509162634611,200
/matmul,9957.375014200807,200
/matmul,8185.870339162648,200
/matmul,14333.007222041488,200
/matmul,7047.626413404942,200
/matmul,6808.712359517813,200
/matmul,7083.916916511953,200
/matmul,6868.515396490693,200
/matmul,77399.64384492487,0
/matmul,9988.912165164948,200
/matmul,7216.825375333428,200
/matmul,8045.343393459916,200
/matmul,7013.9742298051715,200
/matmul,10030.249122530222,200
/matmul,8059.4435120001435,200
/matmul,7122.126395814121,200
/matmul,7036.107625812292,200
/matmul,8039.668151177466,200
/matmul,10052.085281349719,200
/matmul,7075.450601056218,200
/matmul,8049.274723045528,200
/matmul,6824.532952159643,200
/matmul,22497.650822624564,200
/matmul,22457.2698129341,200
/matmul,7882.437461055815,200
/matmul,14396.279348991811,200
/matmul,22693.611534312367,200
/matmul,8366.494992747903,200
/matmul,7310.8143620193005,200
/matmul,6196.423064917326,200
/matmul,6909.9040776491165,200
/matmul,7174.698346294463,200
/matmul,7710.2170586586,200
/matmul,7609.877222217619,200
/matmul,6964.634315110743,200
/matmul,20351.136778481305,200
/matmul,6773.946483619511,200
/matmul,7537.368142046034,200
/matmul,7551.726531237364,200
/matmul,5974.542829208076,200
/matmul,7376.351078040898,200
/matmul,7077.164061367512,200
/matmul,7446.651326492429,200
/matmul,6066.116761416197,200
/matmul,7119.437266141176,200
/matmul,7215.37999343127,200
/matmul,7115.457912907004,200
/matmul,7253.906640224159,200
/matmul,7305.080152116716,200
/matmul,7115.208805538714,200
/matmul,15779.31446582079,200
/matmul,7497.461258433759,200
/matmul,7179.277275688946,200
/matmul,7159.80095975101,200
/matmul,9160.519204102457,200
/matmul,7173.558521084487,200
/matmul,6244.359668344259,200
/matmul,10006.234306842089,200
/matmul,6347.468446008861,200
/matmul,9172.11357690394,200
/matmul,9119.618011638522,200
/matmul,9278.35428249091,200
/matmul,6461.817710660398,200
/matmul,6263.903522863984,200
/matmul,7287.543348036706,200
/matmul,9658.46070740372,200
/matmul,21898.78948405385,200
/matmul,9525.829173624516,200
/matmul,10500.498247332871,200
/matmul,14015.05013462156,200
/matmul,9571.877948008478,200
/matmul,6528.06262858212,200
/matmul,6609.290219843388,200
/matmul,6545.896367169917,200
/matmul,9566.474282182753,200
/matmul,14391.869246959686,200
/matmul,22659.589654766023,200
/matmul,21755.1800115034,200
/matmul,9841.585242189467,200
/matmul,7605.763145722449,200
/matmul,6606.5253568813205,200
/matmul,8244.930665008724,200
/matmul,10199.557865969837,200
/matmul,6786.707273684442,200
/matmul,6721.108915284276,200
/matmul,6795.684947632253,200
/matmul,9821.238931268454,200
/matmul,6742.914695292711,200
/matmul,8220.026823692024,200
/matmul,6945.359413512051,200
/matmul,6568.012437783182,200
/matmul,7557.013558223844,200
/matmul,7596.201159060001,200
/matmul,6611.749514937401,200
/matmul,6611.984613351524,200
/matmul,10213.915210217237,200
/matmul,6498.097041621804,200
/matmul,6509.902403689921,200
/matmul,14039.324380457401,200
/matmul,7227.408423088491,200
/matmul,6341.965321451426,200
/matmul,13935.118719935417,200
/matmul,6605.270076543093,200
/matmul,7393.316776491702,200
/matmul,8280.546642839909,200
/matmul,14594.446854665875,200
/matmul,9394.112306647003,200
/matmul,7319.699908606708,200
/matmul,6988.479032181203,200
/matmul,27888.973941095173,200
/matmul,8821.130143478513,200
/matmul,71310.5686493218,200
/matmul,8365.583983249962,200
/matmul,6342.627731151879,200
/matmul,7334.067859686911,200
/matmul,7920.17272952944,200
/matmul,6688.755622133613,200
/matmul,71740.13849254698,200
/matmul,6458.032741211355,200
/matmul,22759.350285865366,200
/matmul,71859.15735457093,200
/matmul,72009.56689286977,200
/matmul,7990.712123923004,200
/matmul,7581.8264205008745,200
/matmul,10583.307716995478,200
/matmul,72220.94978578389,200
/matmul,7577.079434879124,200
/matmul,7618.210990913212,200
/matmul,72574.22522362322,200
/matmul,6516.448390670121,200
/matmul,13795.009883120656,200
/matmul,9418.307721614838,200
/matmul,9409.658882766962,200
/matmul,72202.85078883171,200
/matmul,37752.67618801445,200
/matmul,9455.34355379641,200
/matmul,72983.08950662613,200
/matmul,7581.154434941709,200
/matmul,9602.984485216439,200
/matmul,7650.104401633143,200
/matmul,6686.339132487774,200
/matmul,6773.951291106641,200
/matmul,6553.2895643264055,200
/matmul,9498.21581505239,200
/matmul,7614.8782558739185,200
/matmul,9632.906446233392,200
/matmul,7674.011674709618,200
/matmul,6573.389180004597,200
/matmul,14346.969857811928,200
/matmul,9602.055673487484,200
/matmul,9526.307344436646,200
/matmul,9598.517918027937,200
/matmul,6590.750650502741,200
/matmul,71427.1966284141,200
/matmul,14536.347990855575,200
/matmul,71461.2865652889,200
/matmul,8567.230419255793,200
/matmul,14999.807843007147,200
/matmul,7838.3848033845425,200
/matmul,9852.831506170332,200
/matmul,10818.717073649168,200
/matmul,10254.878888837993,200
/matmul,9955.499142408371,200
/matmul,22258.291069418192,200
/matmul,6879.860999062657,200
/matmul,7123.390140011907,200
/matmul,8111.493814736605,200
/matmul,22667.102413251996,200
/matmul,6887.383547611535,200
/matmul,6912.04250138253,200
/matmul,7012.495416216552,200
/matmul,10784.458743408322,200
/matmul,7357.080224901438,200
/matmul,7495.069976896048,200
/matmul,10083.492184989154,200
/matmul,7380.254610441625,200
/matmul,10297.3642796278,200
/matmul,73609.70213450491,200
/matmul,8185.435825027525,200
/matmul,7326.59019343555,200
/matmul,7157.221708446741,200
/matmul,8122.855276800692,200
/matmul,8199.32539947331,200
/matmul,9645.028138533235,200
/matmul,7840.9718396142125,200
/matmul,7870.666134171188,200
/matmul,10021.113676950336,200
/matmul,10004.096379503608,200
/matmul,8644.554586149752,200
/matmul,7554.168921895325,200
/matmul,7661.1907705664635,200
/matmul,8029.707140289247,200
/matmul,8036.112260073423,200
/matmul,8035.398667678237,200
/matmul,8766.183538362384,200
/matmul,11042.978341691196,200
/matmul,8057.871587574482,200
/matmul,8233.042396605015,200
/matmul,12261.009977199137,200
/matmul,8038.829797878861,200
/matmul,7053.911169990897,200
/matmul,7149.191595613956,200
/matmul,7980.359789915383,200
/matmul,7073.3868116512895,200
/matmul,10099.705401808023,200
/matmul,9423.45542088151,200
/matmul,8154.91802804172,200
/matmul,8401.1036651209,200
/matmul,7170.884670689702,200
/matmul,10650.035191327333,200
/matmul,7125.904926098883,200
/matmul,7488.723541609943,200
/matmul,7315.103187225759,200
/matmul,7191.18439219892,200
/matmul,8138.748195022345,200
/matmul,7668.072212487459,200
/matmul,7131.040096282959,200
/matmul,14824.38201084733,200
/matmul,14867.673568427563,200
/matmul,9996.765670366585,200
/matmul,6956.101289950311,200
/matmul,8057.221198454499,200
/matmul,14177.076802589,200
/matmul,14478.953218087554,200
/matmul,6978.22792828083,200
/matmul,6990.287817083299,200
/matmul,8079.066597856581,200
/matmul,6960.436454042792,200
/matmul,8467.838352546096,200
/matmul,6975.622734054923,200
/matmul,6960.675480775535,200
/matmul,7889.5993158221245,200
/matmul,10615.97629263997,200
/matmul,6973.985658027232,200
/matmul,10251.721357926726,200
/matmul,7958.645401522517,200
/matmul,12725.862804800272,200
/matmul,15071.890152990818,200
/matmul,6925.973973236978,200
/matmul,8080.128892324865,200
/matmul,8389.043039642274,200
/matmul,8351.084371097386,200
/matmul,7223.877243697643,200
/matmul,6707.78473932296,200
/matmul,7861.511718481779,200
/matmul,6992.563074454665,200
/matmul,10393.293716013432,200
/matmul,6792.833178304136,200
/matmul,8088.9411540701985,200
/matmul,6698.900983668864,200
/matmul,40967.50594954938,200
/matmul,8149.059551768005,200
/matmul,7493.197501637042,200
/matmul,7730.198690667748,200
/matmul,6688.989860936999,200
/matmul,7078.169545158744,200
/matmul,6479.758416302502,200
/matmul,9465.130630880594,200
/matmul,7455.3667567670345,200
/matmul,6804.9223916605115,200
/matmul,10998.840847052634,200
/matmul,6551.645086146891,200
/matmul,9554.44978363812,200
/matmul,6233.880890533328,200
/matmul,11478.915417566895,200
/matmul,6080.9014812111855,200
/matmul,7110.205071978271,200
/matmul,6182.298064231873,200
/matmul,5979.21112831682,200
/matmul,9856.57121334225,200
/matmul,6908.682349137962,200
/matmul,6840.093273669481,200
/matmul,6512.023207731545,200
/matmul,13063.301767222583,200
/matmul,7649.91375990212,200
/matmul,6821.305601857603,200
/matmul,13067.076961509883,200
/matmul,37311.6116290912,200
/matmul,5793.389782309532,200
/matmul,5798.723549582064,200
/matmul,9195.482915267348,200
/matmul,13570.271193049848,200
/matmul,9278.549241833389,200
/matmul,38090.853217057884,200
/matmul,7361.372414045036,200
/matmul,13118.906024843454,200
/matmul,6829.806851223111,200
/matmul,6749.598770402372,200
/matmul,14002.866441383958,200
/matmul,7228.920012712479,200
/matmul,5706.457466818392,200
/matmul,38374.62189141661,200
/matmul,7270.584314130247,200
/matmul,6955.084839835763,200
/matmul,13731.580105610192,200
/matmul,7074.070353060961,200
/matmul,5961.530352011323,200
/matmul,6653.6560244858265,200
/matmul,16080.637109465897,200
/matmul,6917.118661105633,200
/matmul,8944.493778981268,200
/matmul,14207.469219341874,200
/matmul,7024.6743923053145,200
/matmul,9133.554484695196,200
/matmul,7212.787060067058,200
/matmul,7310.708103701472,200
/matmul,9132.560283876956,200
/matmul,6107.387539930642,200
/matmul,8611.179441213608,200
/matmul,7363.577852956951,200
/matmul,6287.931094877422,200
/matmul,6448.601059615612,200
/matmul,6117.461525835097,200
/matmul,6365.976365283132,200
/matmul,6973.0484541505575,200
/matmul,6882.139564491808,200
/matmul,8965.033469721675,200
/matmul,22065.11772237718,200
/matmul,6501.648595556617,200
/matmul,5896.512183360755,200
/matmul,6514.943283982575,200
/matmul,6373.665710911155,200
/matmul,9148.760080337524,200
/matmul,6079.099567607045,200
/matmul,6279.98763974756,200
/matmul,7104.869361966848,200
/matmul,13309.265551157296,200
/matmul,38026.0401731357,200
/matmul,7135.117143392563,200
/matmul,7186.037540435791,200
/matmul,7053.758664056659,200
/matmul,7183.2493506371975,200
/matmul,6270.905231125653,200
/matmul,10230.374509468675,200
/matmul,8453.094237484038,200
/matmul,8185.348769649863,200
/matmul,7130.619932897389,200
/matmul,22102.8653094545,200
/matmul,7634.297285228968,200
/matmul,6574.719709344208,200
/matmul,7593.164891935885,200
/matmul,8268.431052565575,200
/matmul,9911.598860286176,200
/matmul,7726.385777816176,200
/matmul,14027.89672743529,200
/matmul,7809.192766435444,200
/matmul,6595.9531823173165,200
/matmul,6639.721357263625,200
/matmul,7750.54915715009,200
/matmul,10291.836104355752,200
/matmul,7883.89481138438,200
/matmul,7911.068093962967,200
/matmul,6940.931036137044,200
/matmul,7830.642081797123,200
/matmul,23264.494157396257,200
/matmul,38289.66077044606,200
/matmul,6767.892735078931,200
/matmul,6801.180723123252,200
/matmul,6996.104843914509,200
/matmul,7040.750323794782,200
/matmul,14840.071881189942,200
/matmul,6805.391023866832,200
/matmul,14138.832167722285,200
/matmul,22532.29036554694,200
/matmul,22615.94319343567,200
/matmul,6829.306533560157,200
/matmul,7800.8490623906255,200
/matmul,7820.753590203822,200
/matmul,9753.393878228962,200
/matmul,6836.50213573128,200
/matmul,7136.190552264452,200
/matmul,6966.904373839498,200
/matmul,14220.280586741865,200
/matmul,10379.315701313317,200
/matmul,13818.432436324656,200
/matmul,7182.564831338823,200
/matmul,7048.054442740977,200
/matmul,7165.687427856028,200
/matmul,10599.306541495025,200
/matmul,15313.966605812311,200
/matmul,7572.535056620836,200
/matmul,17209.010160528123,200
/matmul,26578.501269221306,200
/matmul,7145.7396280020475,200
/matmul,7611.544124782085,200
/matmul,7285.445769317448,200
/matmul,14883.77121835947,200
/matmul,7875.983283855021,200
/matmul,7374.998620711267,200
/matmul,11034.76664237678,200
/matmul,7461.711700074375,200
/matmul,8470.030746422708,200
/matmul,7577.706171199679,200
/matmul,7466.0230074077845,200
/matmul,8606.317792087793,200
/matmul,7379.745760932565,200
/matmul,7381.332806311548,200
/matmul,7549.423155374825,200
/matmul,7631.547551602125,200
/matmul,10658.349147997797,200
/matmul,7290.155758149922,200
/matmul,7884.184090420604,200
/matmul,8119.857776910067,200
/matmul,8673.9018894732,200
/matmul,7195.201384834945,200
/matmul,7228.894415311515,200
/matmul,8334.204893559217,200
/matmul,7925.349558703601,200
/matmul,9404.218219220638,200
/matmul,7131.83952961117,200
/matmul,8543.947090394795,200
/matmul,8547.397242859006,200
/matmul,8111.812460236251,200
/matmul,8532.583576627076,200
/matmul,7082.714634016156,200
/matmul,7824.860699474812,200
/matmul,7735.871819779277,200
/matmul,7798.08316193521,200
/matmul,6783.839772455394,200
/matmul,7448.682091198862,200
/matmul,23431.088864803314,200
/matmul,112715.1899645105,0
/matmul,112755.65797183663,0
/matmul,112777.99502201378,0
/matmul,112775.68863518536,0
/matmul,112808.71518421918,0
/matmul,112831.42648078501,0
/matmul,112836.84476837516,0
/matmul,112861.1238822341,0
/matmul,112863.53534366935,0
/matmul,112887.88085896522,0
/matmul,112907.70953241736,0
/matmul,39235.13560369611,200
/matmul,39312.60389648378,200
/matmul,11038.283769972622,200
/matmul,10426.159187220037,200
/matmul,39412.3614449054,200
/matmul,10375.346790067852,200
/matmul,10204.401198774576,200
/matmul,10420.099166221917,200
/matmul,14266.345724463463,200
/matmul,6870.44012080878,200
/matmul,10259.64617729187,200
/matmul,7926.507565192878,200
/matmul,6961.097536608577,200
/matmul,7970.881921239197,200
/matmul,6905.134660191834,200
/matmul,15799.603703431785,200
/matmul,15949.254093691707,200
/matmul,10227.039526216686,200
/matmul,10062.861386686563,200
/matmul,9605.15901260078,200
/matmul,6754.454996436834,200
/matmul,8543.819896876812,200
/matmul,10397.964315488935,200
/matmul,10383.697778917849,200
/matmul,7923.835901543498,200
/matmul,9937.874188646674,200
/matmul,10086.590016260743,200
/matmul,7625.567119568586,200
/matmul,7981.052682735026,200
/matmul,10187.690480612218,200
/matmul,7995.1920276507735,200
/matmul,7980.4962100461125,200
/matmul,9859.201394021511,200
/matmul,8075.270929373801,200
/matmul,7884.543827734888,200
/matmul,8128.400036133826,200
/matmul,9963.13718892634,200
/matmul,10065.431535243988,200
/matmul,7043.956357054412,200
/matmul,7199.981017038226,200
/matmul,7145.25630697608,200
/matmul,7193.645145744085,200
/matmul,7195.831679739058,200
/matmul,8019.044508226216,200
/matmul,7287.026081234217,200
/matmul,8322.602824307978,200
/matmul,8355.262740515172,200
/matmul,8227.154122665524,200
/matmul,13281.979134306312,200
/matmul,7449.527275748551,200
/matmul,10378.43153718859,200
/matmul,10255.054445937276,200
/matmul,10282.40614105016,200
/matmul,7190.179941244423,200
/matmul,8197.178721427917,200
/matmul,7286.124566569924,200
/matmul,7178.164818324149,200
/matmul,10615.396868437529,200
/matmul,10926.242630928755,200
/matmul,7735.249361954629,200
/matmul,8032.789973542094,200
/matmul,8013.11859767884,200
/matmul,7957.299169152975,200
/matmul,8504.18112333864,200
/matmul,7513.172565959394,200
/matmul,14161.382500082254,200
/matmul,8813.9303419739,200
/matmul,14162.981724366546,200
/matmul,7574.761129915714,200
/matmul,6734.070948325098,200
/matmul,7890.453913249075,200
/matmul,7381.790602579713,200
/matmul,6980.503821745515,200
/matmul,23089.35505338013,200
/matmul,9928.753411397338,200
/matmul,7975.673148408532,200
/matmul,12263.12577817589,200
/matmul,23328.27105000615,200
/matmul,23359.771775081754,200
/matmul,7817.250186577439,200
/matmul,8183.393477462232,200
/matmul,8307.174443267286,200
/matmul,8326.044032350183,200
/matmul,8479.245444759727,200
/matmul,9569.535525515676,200
/matmul,9285.27644649148,200
/matmul,7092.982046306133,200
/matmul,6991.965690627694,200
/matmul,8130.766362883151,200
/matmul,7987.3995911329985,200
/matmul,14640.866982750595,200
/matmul,23328.799990937114,200
/matmul,22235.00455264002,200
/matmul,6904.050330631435,200
/matmul,7909.500956535339,200
/matmul,8027.462405152619,200
/matmul,6910.972727462649,200
/matmul,22241.67018663138,200
/matmul,14048.341572284698,200
/matmul,7882.809427566826,200
/matmul,7719.8831010609865,200
/matmul,7762.866948731244,200
/matmul,9781.400211155415,200
/matmul,22710.60309931636,200
/matmul,9359.885299578309,200
/matmul,6360.213220119476,200
/matmul,6350.804034620523,200
/matmul,7455.081633292139,200
/matmul,9375.779945403337,200
/matmul,7275.353511795402,200
/matmul,14520.847546868026,200
/matmul,14427.789758890867,200
/matmul,7223.341726697981,200
/matmul,10011.684832163155,200
/matmul,10083.732299506664,200
/matmul,13626.432510092854,200
/matmul,6193.767374381423,200
/matmul,9671.231152489781,200
/matmul,10155.472246930003,200
/matmul,6759.354938752949,200
/matmul,9517.598978243768,200
/matmul,6488.539448939264,200
/matmul,10046.336806379259,200
/matmul,6931.875351816416,200
/matmul,7229.195178486407,200
/matmul,7305.422792211175,200
/matmul,119931.09122570604,0
/matmul,119942.83588975668,0
/matmul,119955.60797955841,0
/matmul,119975.91352276504,0
/matmul,8443.00629850477,200
/matmul,119983.7406128645,0
/matmul,14229.531321674585,200
/matmul,7006.728106178343,200
/matmul,9415.097653865814,200
/matmul,6565.105574205518,200
/matmul,10367.784904316068,200
/matmul,7381.546763703227,200
/matmul,7388.163895346224,200
/matmul,7548.882697708905,200
/matmul,6712.707187980413,200
/matmul,8161.37196496129,200
/matmul,7558.281337842345,200
/matmul,6708.2989709451795,200
/matmul,8335.244183428586,200
/matmul,8014.6455289795995,200
/matmul,7641.199025325477,200
/matmul,8860.076767392457,200
/matmul,12758.470047265291,200
/matmul,8667.441132478416,200
/matmul,6628.686801530421,200
/matmul,6775.780047290027,200
/matmul,16265.411497093737,200
/matmul,6520.887449383736,200
/matmul,6539.040074683726,200
/matmul,9633.508737199008,200
/matmul,8564.889587461948,200
/matmul,10442.020162008703,200
/matmul,6564.240703359246,200
/matmul,6842.35779941082,200
/matmul,7688.487448729575,200
/matmul,6645.465951412916,200
/matmul,6664.107010699809,200
/matmul,7531.745992600918,200
/matmul,7552.7796959504485,200
/matmul,6610.2773966267705,200
/matmul,7624.2957301437855,200
/matmul,6911.420685239136,200
/matmul,10302.287288941443,200
/matmul,10308.786055073142,200
/matmul,40895.42124606669,200
/matmul,8514.701234176755,200
/matmul,6430.14723341912,200
/matmul,6358.8805086910725,200
/matmul,6429.345579817891,200
/matmul,9842.789012938738,200
/matmul,9631.87992759049,200
/matmul,6511.852342635393,200
/matmul,7857.7304957434535,200
/matmul,6929.799207486212,200
/matmul,14033.855372108519,200
/matmul,10325.305432081223,200
/matmul,7707.480955868959,200
/matmul,7713.571620173752,200
/matmul,6403.720846399665,200
/matmul,6297.374252229929,200
/matmul,9397.379220463336,200
/matmul,6991.887084208429,200
/matmul,6190.120221115649,200
/matmul,6209.773063659668,200
/matmul,6238.3210165426135,200
/matmul,7325.998337008059,200
/matmul,7665.048027411103,200
/matmul,7735.900145024061,200
/matmul,6412.106889300048,200
/matmul,6479.334724135697,200
/matmul,8648.774377070367,200
/matmul,7955.671889707446,200
/matmul,9485.284349881113,200
/matmul,6491.243003867567,200
/matmul,13564.232619479299,200
/matmul,7535.260482691228,200
/matmul,6321.50858361274,200
/matmul,10111.403617076576,200
/matmul,9429.405222646892,200
/matmul,9441.590152680874,200
/matmul,6399.793484248221,200
/matmul,7311.297230422497,200
/matmul,6396.267314441502,200
/matmul,13856.311541981995,200
/matmul,7389.140168204904,200
/matmul,6356.693969108164,200
/matmul,6445.515942759812,200
/matmul,6424.450141377747,200
/matmul,7647.050247527659,200
/matmul,6447.1361972391605,200
/matmul,13686.800280585885,200
/matmul,6614.434793591499,200
/matmul,22190.224626101553,200
/matmul,22323.611079715192,200
/matmul,38324.071085080504,200
/matmul,38385.75125858188,200
/matmul,14170.67304160446,200
/matmul,7034.831530414522,200
/matmul,6773.51444400847,200
/matmul,6850.300866179168,200
/matmul,7404.056099243462,200
/matmul,10160.725117661059,200
/matmul,7384.256414137781,200
/matmul,6865.8222472295165,200
/matmul,7099.201758392155,200
/matmul,38574.8340934515,200
/matmul,38786.43292374909,200
/matmul,14261.319901794195,200
/matmul,23339.86967522651,200
/matmul,10789.159728214145,200
/matmul,38910.4480156675,200
/matmul,7610.882612876594,200
/matmul,7956.3577035441995,200
/matmul,13749.348131008446,200
/matmul,7251.52728613466,200
/matmul,6514.937410131097,200
/matmul,13955.135784111917,200
/matmul,7557.794816792011,200
/matmul,13577.205680310726,200
/matmul,13812.100125476718,200
/matmul,22091.248776763678,200
/matmul,6200.373511761427,200
/matmul,14358.707588165998,200
/matmul,14106.792272999883,200
/matmul,7264.834202826023,200
/matmul,14207.39363040775,200
/matmul,7307.84438084811,200
/matmul,7401.633157394826,200
/matmul,8088.083328679204,200
/matmul,6328.545108437538,200
/matmul,7402.736682444811,200
/matmul,6434.2003697529435,200
/matmul,9617.184122093022,200
/matmul,14022.942981682718,200
/matmul,6536.128783598542,200
/matmul,6211.725651286542,200
/matmul,6765.820320695639,200
/matmul,7289.299758151174,200
/matmul,9434.243104420602,200
/matmul,6150.286422111094,200
/matmul,6158.6004281416535,200
/matmul,9625.067417509854,200
/matmul,9154.245506972075,200
/matmul,15102.081728167832,200
/matmul,38216.008227318525,200
/matmul,6198.531500995159,200
/matmul,15269.581657834351,200
/matmul,21764.750448055565,200
/matmul,9180.783965624869,200
/matmul,7185.464303009212,200
/matmul,9253.8359221071,200
/matmul,6184.268059208989,200
/matmul,7830.43357077986,200
/matmul,6390.647400170565,200
/matmul,15938.588986173272,200
/matmul,6834.135228767991,200
/matmul,7863.6770797893405,200
/matmul,7245.728214271367,200
/matmul,6520.973132923245,200
/matmul,9326.626971364021,200
/matmul,7753.795917145908,200
/matmul,6234.318712726235,200
/matmul,7483.259397558868,200
/matmul,10213.24595157057,200
/matmul,8518.220189027488,200
/matmul,10542.85541921854,200
/matmul,9735.986948013306,200
/matmul,8083.4190575405955,200
/matmul,9626.313540153205,200
/matmul,13428.553340025246,200
/matmul,7473.280964419246,200
/matmul,10588.3170356974,200
/matmul,6718.194684013724,200
/matmul,6230.75167927891,200
/matmul,6215.615525841713,200
/matmul,9571.950112469494,200
/matmul,7700.105757452548,200
/matmul,9365.36191496998,200
/matmul,9977.261055260897,200
/matmul,7486.772040836513,200
/matmul,7068.546776659787,200
/matmul,7622.756700031459,200
/matmul,6595.625384710729,200
/matmul,6738.3011896163225,200
/matmul,7642.022501677275,200
/matmul,6753.185921348631,200
/matmul,9008.80678370595,200
/matmul,7728.524575941265,200
/matmul,6744.651101529598,200
/matmul,6744.686314836144,200
/matmul,11362.714893184602,200
/matmul,7728.948299773037,200
/matmul,13759.378291666508,200
/matmul,11927.624993026257,200
/matmul,13842.695442028344,200
/matmul,6280.85479978472,200
/matmul,11907.088102772832,200
/matmul,6419.178534299135,200
/matmul,21867.014272138476,200
/matmul,9167.568577453494,200
/matmul,6204.939564689994,200
/matmul,8214.629362337291,200
/matmul,7118.236687965691,200
/matmul,13328.685089945793,200
/matmul,7184.472607448697,200
/matmul,9043.323825113475,200
/matmul,7439.684479497373,200
/matmul,10084.392380900681,200
/matmul,6798.5903630033135,200
/matmul,13548.322930000722,200
/matmul,6722.161769866943,200
/matmul,21208.405463024974,200
/matmul,6133.088249713182,200
/matmul,9653.292277827859,200
/matmul,6822.158168070018,200
/matmul,12857.950281351805,200
/matmul,37317.20008328557,200
/matmul,5767.554787918925,200
/matmul,6888.75799626112,200
/matmul,6278.563481755555,200
/matmul,9858.913349919021,200
/matmul,12988.215276040137,200
/matmul,6731.434836983681,200
/matmul,5719.6949096396565,200
/matmul,6775.981239974499,200
/matmul,13251.93213392049,200
/matmul,7604.3464140966535,200
/matmul,7153.638947755098,200
/matmul,6108.331794850528,200
/matmul,23735.986655578017,200
/matmul,6090.540515258908,200
/matmul,7391.409699805081,200
/matmul,10225.76997615397,200
/matmul,5870.132265612483,200
/matmul,8385.567663237453,200
/matmul,131028.62819936126,0
/matmul,131009.23053361475,0
/matmul,130088.10346387327,0
/matmul,130177.24474146962,0
/matmul,7020.972153171897,200
/matmul,22478.540380485356,200
/matmul,6137.507032603025,200
/matmul,6085.0313771516085,200
/matmul,6301.580130122602,200
/matmul,9133.415713906288,200
/matmul,6064.681519754231,200
/matmul,6158.003005199134,200
/matmul,9245.917895808816,200
/matmul,13436.959220096469,200
/matmul,21888.87298386544,200
/matmul,6735.503498464823,200
/matmul,9191.098040901124,200
/matmul,9229.805625975132,200
/matmul,6426.3276336714625,200
/matmul,22291.687947697937,200
/matmul,14304.518279619515,200
/matmul,9426.814429461956,200
/matmul,6556.403795257211,200
/matmul,9291.198725812137,200
/matmul,7288.227688521147,200
/matmul,9628.622580319643,200
/matmul,7087.289526127279,200
/matmul,6107.204920612276,200
/matmul,6706.088007427752,200
/matmul,9034.143908880651,200
/matmul,9376.079040579498,200
/matmul,6951.859808526933,200
/matmul,6234.69724971801,200
/matmul,6022.607155144215,200
/matmul,7463.584934361279,200
/matmul,5757.552655413747,200
/matmul,6683.824033476412,200
/matmul,5787.321377545595,200
/matmul,13581.592302769423,200
/matmul,6098.271348513663,200
/matmul,7016.695479862392,200
/matmul,7544.820194132626,200
/matmul,7570.815792307258,200
/matmul,6139.068273827434,200
/matmul,6275.005146861076,200
/matmul,9217.953311279416,200
/matmul,9244.977962225676,200
/matmul,7027.3829363286495,200
/matmul,6209.9422523751855,200
/matmul,6386.2125556916,200
/matmul,6354.245561175048,200
/matmul,6261.087102815509,200
/matmul,7274.863292463124,200
/matmul,6236.535337753594,200
/matmul,9582.618989981711,200
/matmul,9832.572683691978,200
/matmul,7099.134280346334,200
/matmul,9148.23780208826,200
/matmul,7609.606605023146,200
/matmul,7230.8379374444485,200
/matmul,9286.814884282649,200
/matmul,10060.10972801596,200
/matmul,7770.280407741666,200
/matmul,9959.621846675873,200
/matmul,6896.956491284072,200
/matmul,6317.964614368975,200
/matmul,129606.08848650008,0
/matmul,130147.49610796571,0
/matmul,130142.69636943936,0
/matmul,130106.16302583367,0
/matmul,7998.353282921016,200
/matmul,7383.576745167375,200
/matmul,7396.776292473078,200
/matmul,7555.531368590891,200
/matmul,7578.8397546857595,200
/matmul,9465.535103343427,200
/matmul,9523.62615801394,200
/matmul,6568.7707010656595,200
/matmul,6511.275164783001,200
/matmul,7568.795780651271,200
/matmul,7570.469197817147,200
/matmul,9906.453651376069,200
/matmul,7676.828972995281,200
/matmul,6672.358515672386,200
/matmul,73749.11546427757,200
/matmul,6803.964419290423,200
/matmul,12219.803221523762,200
/matmul,14392.023442313075,200
/matmul,7050.468288362026,200
/matmul,14530.143183656037,200
/matmul,8046.924704685807,200
/matmul,7875.0316286459565,200
/matmul,7122.375943697989,200
/matmul,7143.629351630807,200
/matmul,7303.011866286397,200
/matmul,10216.388115659356,200
/matmul,7243.884510360658,200
/matmul,8233.833761885762,200
/matmul,7308.02836176008,200
/matmul,7323.353313840926,200
/matmul,7341.323910281062,200
/matmul,7366.540842689574,200
/matmul,7854.093721136451,200
/matmul,6995.788037776947,200
/matmul,7007.90202151984,200
/matmul,7019.807596690953,200
/matmul,7612.601594999433,200
/matmul,7158.4474220871925,200
/matmul,14192.82240793109,200
/matmul,8109.002724289894,200
/matmul,6958.301842212677,200
/matmul,7783.513446338475,200
/matmul,6815.120881423354,200
/matmul,8260.724341496825,200
/matmul,7767.054575495422,200
/matmul,7757.032312452793,200
/matmul,7778.521190397441,200
/matmul,7838.282017037272,200
/matmul,6772.996013984084,200
/matmul,6681.232983246446,200
/matmul,6977.625448256731,200
/matmul,6741.815314628184,200
/matmul,6707.381264306605,200
/matmul,7739.276903681457,200
/matmul,7831.955160014331,200
/matmul,38118.372708559036,200
/matmul,6836.0206773504615,200
/matmul,8142.0462327077985,200
/matmul,7124.912877567112,200
/matmul,7721.81560844183,200
/matmul,13902.369951829314,200
/matmul,22319.901816546917,200
/matmul,22175.73268339038,200
/matmul,7956.01390581578,200
/matmul,7482.217355631292,200
/matmul,40815.31100068241,200
/matmul,7679.321199655533,200
/matmul,7802.249578759074,200
/matmul,10031.178627163172,200
/matmul,7705.365678295493,200
/matmul,10123.769029974937,200
/matmul,8208.011233247817,200
/matmul,8945.820697583258,200
/matmul,7164.254184812307,200
/matmul,22465.75817465782,200
/matmul,7539.663851261139,200
/matmul,8103.619179688394,200
/matmul,7010.5177741497755,200
/matmul,6880.408080294728,200
/matmul,14321.918588131666,200
/matmul,8418.35000924766,200
/matmul,14550.004618242383,200
/matmul,6869.000226259232,200
/matmul,22912.19423338771,200
/matmul,7176.955931819975,200
/matmul,6872.773468494415,200
/matmul,8099.6365221217275,200
/matmul,23193.281188607216,200
/matmul,7575.397643260658,200
/matmul,8930.129898712039,200
/matmul,73550.41725747287,200
/matmul,7680.873236618936,200
/matmul,8123.322171159089,200
/matmul,9035.566279664636,200
/matmul,6685.156880877912,200
/matmul,6948.499179445207,200
/matmul,10631.017591804266,200
/matmul,7445.513866841793,200
/matmul,6788.1709057837725,200
/matmul,6998.708876781166,200
/matmul,6675.686862319708,200
/matmul,23868.554106913507,200
/matmul,70768.61771941185,200
/matmul,7479.700271040201,200
/matmul,6771.149046719074,200
/matmul,7598.358608782291,200
/matmul,10108.044537715614,200
/matmul,71868.44682972878,200
/matmul,6492.13623534888,200
/matmul,11168.371122330427,200
/matmul,6594.151363708079,200
/matmul,6562.46383395046,200
/matmul,6587.398996576667,200
/matmul,6919.104156084359,200
/matmul,7948.735103011131,200
/matmul,6628.746162168682,200
/matmul,10326.230549253523,200
/matmul,6439.659524708986,200
/matmul,7423.1846472248435,200
/matmul,13692.972933873534,200
/matmul,21383.286680094898,200
/matmul,21550.757858902216,200
/matmul,7818.654389120638,200
/matmul,8873.502205125988,200
/matmul,6715.917211025953,200
/matmul,6448.85160215199,200
/matmul,7380.1845125854015,200
/matmul,129203.70111893862,0
/matmul,129214.32456187904,0
/matmul,129224.67764187604,0
/matmul,6217.327733524144,200
/matmul,7236.052772030234,200
/matmul,7184.275392442942,200
/matmul,9576.284159906209,200
/matmul,7011.271700263023,200
/matmul,7640.325129963458,200
/matmul,7255.260054022074,200
/matmul,7356.923254206777,200
/matmul,9937.547327019274,200
/matmul,9077.934972010553,200
/matmul,6293.457513675094,200
/matmul,8751.141553744674,200
/matmul,7280.445750802755,200
/matmul,10044.42750569433,200
/matmul,7464.175349101424,200
/matmul,7321.081886999309,200
/matmul,6578.401984646916,200
/matmul,6439.154040999711,200
/matmul,6495.235515758395,200
/matmul,6320.32741419971,200
/matmul,9363.488300703466,200
/matmul,7415.486078709364,200
/matmul,7440.944207832217,200
/matmul,13648.108803667128,200
/matmul,7471.2731977924705,200
/matmul,13672.776916064322,200
/matmul,13478.570346720517,200
/matmul,9435.273735783994,200
/matmul,6471.707860007882,200
/matmul,6302.77407169342,200
/matmul,7320.570591837168,200
/matmul,13344.214053824544,200
/matmul,6139.616371132433,200
/matmul,6078.294072300196,200
/matmul,9735.396036878228,200
/matmul,6210.2159122005105,200
/matmul,21929.112195037305,200
/matmul,130182.86069016904,0
/matmul,130183.5491489619,0
/matmul,130184.1287985444,0
/matmul,130183.9075256139,0
/matmul,129788.05630654097,0
/matmul,6704.9949783831835,200
/matmul,6200.894121080637,200
/matmul,6980.475543066859,200
/matmul,6078.780527226627,200
/matmul,6438.501738011837,200
/matmul,5896.879577077925,200
/matmul,14910.345499403775,200
/matmul,9434.62419975549,200
/matmul,5996.407116763294,200
/matmul,7124.6816935017705,200
/matmul,8217.189940623939,200
/matmul,6254.419285804033,200
/matmul,12848.514614626765,200
/matmul,6797.5599048659205,200
/matmul,6285.762055777013,200
/matmul,6798.329814337194,200
/matmul,9193.546692840755,200
/matmul,12895.17111890018,200
/matmul,14512.89827376604,200
/matmul,6633.938129991293,200
/matmul,5674.887261353433,200
/matmul,130472.9253416881,0
/matmul,129262.9021294415,0
/matmul,129283.13095867634,0
/matmul,129260.09467802942,0
/matmul,54674.13106653839,200
/matmul,30992.430043406785,200
/matmul,23271.157504059374,200
/matmul,38955.31533006579,200
/matmul,30255.164462141693,200
/matmul,26076.89442206174,200
/matmul,54600.82964785397,200
/matmul,41215.079460293055,200
/matmul,41257.62009434402,200
/matmul,27065.187545493245,200
/matmul,33318.542891182005,200
/matmul,23111.47638782859,200
/matmul,30407.774094492197,200
/matmul,23958.20585358888,200
/matmul,24169.248283840716,200
/matmul,31122.95696232468,200
/matmul,30360.399818979204,200
/matmul,26875.695343129337,200
/matmul,23585.714193992317,200
/matmul,25923.2318084687,200
/matmul,25951.40327513218,200
/matmul,30333.77787936479,200
/matmul,25885.787419974804,200
/matmul,23035.827613435686,200
/matmul,28844.9335526675,200
/matmul,22743.08120366186,200
/matmul,24090.559544973075,200
/matmul,24207.012138329446,200
/matmul,26007.490982301533,200
/matmul,22636.175150983036,200
/matmul,30022.22823444754,200
/matmul,26520.44554054737,200
/matmul,24299.23606850207,200
/matmul,25537.982501089573,200
/matmul,23777.393932454288,200
/matmul,22836.82850189507,200
/matmul,22446.937528438866,200
/matmul,22900.145268067718,200
/matmul,22381.77095539868,200
/matmul,23332.25912321359,200
/matmul,23400.576950982213,200
/matmul,22677.590865641832,200
/matmul,22686.96439359337,200
/matmul,23693.44726204872,200
/matmul,22659.07036419958,200
/matmul,54249.32798650116,200
/matmul,22701.595846563578,200
/matmul,22951.27972960472,200
/matmul,22369.267764501274,200
/matmul,22398.310851305723,200
/matmul,22280.710723251104,200
/matmul,129892.96563062817,0
/matmul,37729.613094590604,200
/matmul,37662.88401093334,200
/matmul,29713.91027700156,200
/matmul,26369.0303908661,200
/matmul,53837.753186933696,200
/matmul,22539.518649689853,200
/matmul,23273.791908286512,200
/matmul,23593.203764408827,200
/matmul,22660.2518344298,200
/matmul,23297.433441504836,200
/matmul,22400.638760067523,200
/matmul,25847.56015613675,200
/matmul,22960.457294248044,200
/matmul,25487.940943799913,200
/matmul,38938.76045290381,200
/matmul,30957.63771608472,200
/matmul,54655.641281977296,200
/matmul,129635.88090613484,0
/matmul,130910.36090347916,0
/matmul,129638.36881518364,0
/matmul,23656.460548751056,200
/matmul,23914.520658552647,200
/matmul,24873.202974908054,200
/matmul,39138.35241366178,200
/matmul,25114.228108897805,200
/matmul,26733.04865695536,200
/matmul,27904.661368578672,200
/matmul,27455.376345664263,200
/matmul,24528.06742116809,200
/matmul,24244.49848663062,200
/matmul,26646.69672306627,200
/matmul,24789.450257085264,200
/matmul,23567.733561620116,200
/matmul,30699.30754136294,200
/matmul,24704.03528958559,200
/matmul,31621.0905155167,200
/matmul,24524.03157390654,200
/matmul,24856.57128226012,200
/matmul,26285.57871002704,200
/matmul,24495.466208085418,200
/matmul,24955.340998247266,200
/matmul,24029.6845510602,200
/matmul,24578.187994658947,200
/matmul,24716.709931381047,200
/matmul,26457.075075246394,200
/matmul,24482.555239461362,200
/matmul,24541.34658817202,200
/matmul,26500.74950698763,200
/matmul,57259.186616167426,200
/matmul,23791.50030296296,200
/matmul,24453.219710849226,200
/matmul,24916.67517926544,200
/matmul,23978.79304829985,200
/matmul,26967.087239958346,200
/matmul,21658.580856397748,200
/matmul,21561.179606243968,200
/matmul,5199.196181260049,200
/matmul,5157.266892492771,200
/matmul,25470.885133370757,200
/matmul,5322.570131160319,200
/matmul,5263.426640070975,200
/matmul,5236.805132590234,200
/matmul,27488.049427978694,200
/matmul,27671.077244915068,200
/matmul,5107.10768494755,200
/matmul,12224.453886039555,200
/matmul,69661.2669331953,200
/matmul,5312.938044779003,200
/matmul,5334.479191340506,200
/matmul,5328.436412848532,200
/matmul,12566.073604859412,200
/matmul,5451.529314741492,200
/matmul,5436.960039660335,200
/matmul,5429.556826129556,200
/matmul,5502.195588313043,200
/matmul,5539.90289196372,200
/matmul,5535.308601334691,200
/matmul,5593.423423357308,200
/matmul,5504.3692626059055,200
/matmul,5484.492665156722,200
/matmul,5564.142437651753,200
/matmul,12897.439983673394,200
/matmul,5735.414100810885,200
/matmul,5762.68074568361,200
/matmul,5769.483369775116,200
