name,response_time,status_code/matmul,362.14020382612944,200
/matmul,499.0746369585395,200
/matmul,504.6863630414009,200
/matmul,508.7730400264263,200
/matmul,524.1001835092902,200
/matmul,528.9415121078491,200
/matmul,533.5952108725905,200
/matmul,540.0588065385818,200
/matmul,549.076727591455,200
/matmul,556.6025385633111,200
/matmul,568.6030378565192,200
/matmul,573.370928876102,200
/matmul,580.9477185830474,200
/matmul,591.691805049777,200
/matmul,598.9024275913835,200
/matmul,609.6421089023352,200
/matmul,614.9026853963733,200
/matmul,619.837349280715,200
/matmul,629.5677153393626,200
/matmul,642.5223182886839,200
/matmul,648.7954054027796,200
/matmul,652.6757078245282,200
/matmul,656.988144852221,200
/matmul,662.9039635881782,200
/matmul,678.9601175114512,200
/matmul,683.0514324828982,200
/matmul,689.6830564364791,200
/matmul,695.88911999017,200
/matmul,708.2089763134718,200
/matmul,714.889264665544,200
/matmul,726.0886486619711,200
/matmul,730.5438304319978,200
/matmul,736.781494691968,200
/matmul,744.7606958448887,200
/matmul,757.6578827574849,200
/matmul,762.018627487123,200
/matmul,773.7145619466901,200
/matmul,781.1920568346977,200
/matmul,785.3333903476596,200
/matmul,789.5818511024117,200
/matmul,796.7084106057882,200
/matmul,802.5512462481856,200
/matmul,810.091819614172,200
/matmul,818.5621025040746,200
/matmul,829.2526174336672,200
/matmul,842.0260706916451,200
/matmul,847.8819746524096,200
/matmul,852.0966805517673,200
/matmul,857.9603545367718,200
/matmul,864.519371651113,200
/matmul,322.33088091015816,200
/matmul,470.97739670425653,200
/matmul,482.5637610629201,200
/matmul,486.9801951572299,200
/matmul,491.46217852830887,200
/matmul,497.50202521681786,200
/matmul,511.6314711049199,200
/matmul,516.3886416703463,200
/matmul,520.9017787128687,200
/matmul,527.6808273047209,200
/matmul,534.647898748517,200
/matmul,524.4174357503653,200
/matmul,550.8353291079402,200
/matmul,560.6452412903309,200
/matmul,566.3043456152081,200
/matmul,576.3319665566087,200
/matmul,582.08261243999,200
/matmul,587.2452287003398,200
/matmul,592.8944312036037,200
/matmul,599.2742264643312,200
/matmul,606.6291220486164,200
/matmul,610.7710162177682,200
/matmul,617.3014277592301,200
/matmul,624.8309444636106,200
/matmul,632.3723355308175,200
/matmul,640.323692932725,200
/matmul,652.937394566834,200
/matmul,657.2544109076262,200
/matmul,661.5713061764836,200
/matmul,672.7110221982002,200
/matmul,680.5382389575243,200
/matmul,688.8617845252156,200
/matmul,696.293018758297,200
/matmul,702.3175992071629,200
/matmul,709.7586318850517,200
/matmul,719.5929288864136,200
/matmul,734.367236495018,200
/matmul,738.9529189094901,200
/matmul,743.9174074679613,200
/matmul,748.1358647346497,200
/matmul,754.9024606123567,200
/matmul,760.6531409546733,200
/matmul,768.3630166575313,200
/matmul,779.1805388405919,200
/matmul,785.0158577784896,200
/matmul,789.8874096572399,200
/matmul,797.5253975018859,200
/matmul,803.6052966490388,200
/matmul,809.8882101476192,200
/matmul,823.4990639612079,200
/matmul,184.2708857730031,200
/matmul,146.31731901317835,200
/matmul,206.89018163830042,200
/matmul,197.51548767089844,200
/matmul,179.18818350881338,200
/matmul,115.98011665046215,200
/matmul,123.67196660488844,200
/matmul,63.42771463096142,200
/matmul,67.57932901382446,200
/matmul,76.54768507927656,200
/matmul,96.56224679201841,200
/matmul,104.32895179837942,200
/matmul,96.6310165822506,200
/matmul,100.2447484061122,200
/matmul,88.59304524958134,200
/matmul,77.02039740979671,200
/matmul,65.02688582986593,200
/matmul,25.191345252096653,200
/matmul,27.78709400445223,200
/matmul,20.705295726656914,200
/matmul,27.009141631424427,200
/matmul,21.538056433200836,200
/matmul,29.616674408316612,200
/matmul,22.26744033396244,200
/matmul,24.97783489525318,200
/matmul,26.031911373138428,200
/matmul,33.245641738176346,200
/matmul,28.524477034807205,200
/matmul,36.56973876059055,200
/matmul,27.972816489636898,200
/matmul,32.536507584154606,200
/matmul,25.698374025523663,200
/matmul,47.805882059037685,200
/matmul,51.8498532474041,200
/matmul,33.303446136415005,200
/matmul,36.55393049120903,200
/matmul,38.443492725491524,200
/matmul,47.75329865515232,200
/matmul,42.177096009254456,200
/matmul,50.83005875349045,200
/matmul,52.670542150735855,200
/matmul,41.62407014518976,200
/matmul,42.099728249013424,200
/matmul,68.27342789620161,200
/matmul,83.14668107777834,200
/matmul,87.300936691463,200
/matmul,82.11102802306414,200
/matmul,85.28383262455463,200
/matmul,90.92646650969982,200
/matmul,99.79509096592665,200
/matmul,103.44949830323458,200
/matmul,127.34461762011051,200
/matmul,124.15360938757658,200
/matmul,51.17923580110073,200
/matmul,37.202549166977406,200
/matmul,61.47671025246382,200
/matmul,64.28077444434166,200
/matmul,60.20029075443745,200
/matmul,55.259862914681435,200
/matmul,64.636773429811,200
/matmul,63.777620904147625,200
/matmul,69.78185288608074,200
/matmul,29.63633183389902,200
/matmul,40.47653544694185,200
/matmul,46.159202232956886,200
/matmul,49.491495825350285,200
/matmul,47.14062623679638,200
/matmul,39.75685406476259,200
/matmul,44.492725282907486,200
/matmul,24.88446608185768,200
/matmul,46.996152959764004,200
/matmul,50.93016754835844,200
/matmul,60.44935993850231,200
/matmul,57.88791552186012,200
/matmul,55.07999565452337,200
/matmul,65.94849564135075,200
/matmul,54.51249051839113,200
/matmul,72.42664881050587,200
/matmul,53.940318524837494,200
/matmul,54.37876097857952,200
/matmul,56.34352844208479,200
/matmul,49.696462228894234,200
/matmul,48.08551259338856,200
/matmul,115.48431310802698,200
/matmul,119.39106974750757,200
/matmul,122.1459498628974,200
/matmul,110.26923079043627,200
/matmul,111.27474997192621,200
/matmul,113.47458511590958,200
/matmul,125.6780307739973,200
/matmul,124.8197490349412,200
/matmul,126.36866699904203,200
/matmul,133.08962155133486,200
/matmul,144.67478916049004,200
/matmul,122.57389072328806,200
/matmul,144.53289285302162,200
/matmul,106.51763342320919,200
/matmul,110.99392082542181,200
/matmul,115.77136535197496,200
/matmul,100.08531995117664,200
/matmul,99.30535592138767,200
/matmul,106.4403923228383,200
/matmul,88.56538776308298,200
/matmul,83.23307894170284,200
/matmul,76.20963454246521,200
/matmul,82.4276590719819,200
/matmul,98.17084111273289,200
/matmul,95.84732167422771,200
/matmul,106.0613440349698,200
/matmul,119.86936070024967,200
/matmul,133.71618557721376,200
/matmul,139.7303957492113,200
/matmul,134.65815410017967,200
/matmul,152.27814763784409,200
/matmul,153.28694321215153,200
/matmul,147.30219077318907,200
/matmul,130.66828530281782,200
/matmul,143.6374420300126,200
/matmul,145.22000774741173,200
/matmul,93.53524073958397,200
/matmul,75.89267753064632,200
/matmul,80.61406668275595,200
/matmul,84.82040278613567,200
/matmul,84.110327064991,200
/matmul,77.67205964773893,200
/matmul,73.9190997555852,200
/matmul,53.41535247862339,200
/matmul,38.3711364120245,200
/matmul,83.3751680329442,200
/matmul,96.94255795329809,200
/matmul,96.81472275406122,200
/matmul,100.68360436707735,200
/matmul,112.36936505883932,200
/matmul,114.42509107291698,200
/matmul,127.46647465974092,200
/matmul,102.18716599047184,200
/matmul,107.18408692628145,200
/matmul,74.86200984567404,200
/matmul,70.84312103688717,200
/matmul,99.75284337997437,200
/matmul,106.71360325068235,200
/matmul,111.99667491018772,200
/matmul,113.09301480650902,200
/matmul,93.16375758498907,200
/matmul,82.42140244692564,200
/matmul,88.11637200415134,200
/matmul,89.50676023960114,200
/matmul,57.99038615077734,200
/matmul,32.529737800359726,200
/matmul,27.327613905072212,200
/matmul,29.921728186309338,200
/matmul,29.471486806869507,200
/matmul,26.509341783821583,200
/matmul,27.74715330451727,200
/matmul,26.571352034807205,200
/matmul,34.00511760264635,200
/matmul,45.40675412863493,200
/matmul,33.415949903428555,200
/matmul,27.745701372623444,200
/matmul,35.237119533121586,200
/matmul,37.235572934150696,200
/matmul,34.891906194388866,200
/matmul,26.911582797765732,200
/matmul,21.107111126184464,200
/matmul,46.77899461239576,200
/matmul,47.47540131211281,200
/matmul,50.13966280966997,200
/matmul,42.041013948619366,200
/matmul,36.745885387063026,200
/matmul,21.0947347804904,200
/matmul,37.00859937816858,200
/matmul,42.47566219419241,200
/matmul,59.93818212300539,200
/matmul,75.32201521098614,200
/matmul,77.03563757240772,200
/matmul,87.77347952127457,200
/matmul,101.99213773012161,200
/matmul,108.16964041441679,200
/matmul,90.06729815155268,200
/matmul,124.26753155887127,200
/matmul,110.47894787043333,200
/matmul,120.58793008327484,200
/matmul,126.49427726864815,200
/matmul,135.31261961907148,200
/matmul,150.54915938526392,200
/matmul,156.7519260570407,200
/matmul,174.76184759289026,200
/matmul,162.1693866327405,200
/matmul,162.99353912472725,200
/matmul,166.88017826527357,200
/matmul,150.9402859956026,200
/matmul,104.04225252568722,200
/matmul,85.29554400593042,200
/matmul,65.33877272158861,200
/matmul,66.21130183339119,200
/matmul,55.28660397976637,200
/matmul,58.118696324527264,200
/matmul,59.65299718081951,200
/matmul,49.31652080267668,200
/matmul,48.75648021697998,200
/matmul,56.04731943458319,200
/matmul,65.33531472086906,200
/matmul,54.320476949214935,200
/matmul,32.79584925621748,200
/matmul,43.6249952763319,200
/matmul,49.87416509538889,200
/matmul,45.621116645634174,200
/matmul,36.62645723670721,200
/matmul,42.219134978950024,200
/matmul,46.82170785963535,200
/matmul,51.24134570360184,200
/matmul,54.4861014932394,200
/matmul,56.437485851347446,200
/matmul,68.56408808380365,200
/matmul,86.69409714639187,200
/matmul,101.35955177247524,200
/matmul,102.66436822712421,200
/matmul,103.82156725972891,200
/matmul,102.49957162886858,200
/matmul,101.34733654558659,200
/matmul,108.63382648676634,200
/matmul,88.04565947502851,200
/matmul,101.31967347115278,200
/matmul,72.37081415951252,200
/matmul,67.79843382537365,200
/matmul,69.68112383037806,200
/matmul,95.0686875730753,200
/matmul,80.33617585897446,200
/matmul,102.86926850676537,200
/matmul,109.00551825761795,200
/matmul,113.85491490364075,200
/matmul,133.46554711461067,200
/matmul,149.97049421072006,200
/matmul,146.030493080616,200
/matmul,161.26753110438585,200
/matmul,157.41513296961784,200
/matmul,156.227620318532,200
/matmul,138.86865880340338,200
/matmul,143.41993629932404,200
/matmul,143.24065763503313,200
/matmul,128.6721657961607,200
/matmul,58.051975443959236,200
/matmul,45.090009458363056,200
/matmul,42.16323234140873,200
/matmul,42.88722574710846,200
/matmul,27.67139207571745,200
/matmul,29.74245510995388,200
/matmul,27.963892556726933,200
/matmul,28.528807684779167,200
/matmul,28.83706148713827,200
/matmul,32.429853454232216,200
/matmul,25.866633281111717,200
/matmul,42.92182810604572,200
/matmul,31.663108617067337,200
/matmul,29.29512783885002,200
/matmul,30.945428647100925,200
/matmul,55.89020811021328,200
/matmul,64.88456204533577,200
/matmul,86.8943715468049,200
/matmul,88.48326746374369,200
/matmul,89.82838224619627,200
/matmul,82.48672354966402,200
/matmul,74.76305030286312,200
/matmul,72.03205954283476,200
/matmul,74.43669624626637,200
/matmul,74.545344337821,200
/matmul,29.620842076838017,200
/matmul,51.03717278689146,200
/matmul,56.177444756031036,200
/matmul,64.8648589849472,200
/matmul,58.63785743713379,200
/matmul,88.527150452137,200
/matmul,106.05261474847794,200
/matmul,109.8810164257884,200
/matmul,117.28805117309093,200
/matmul,122.0602123066783,200
/matmul,120.85587717592716,200
/matmul,146.56060189008713,200
/matmul,143.7167814001441,200
/matmul,140.65104071050882,200
/matmul,135.01335401088,200
/matmul,135.26636362075806,200
/matmul,140.24091232568026,200
/matmul,142.2011535614729,200
/matmul,115.13740010559559,200
/matmul,89.21070490032434,200
/matmul,73.72319139540195,200
/matmul,71.55155763030052,200
/matmul,80.20405005663633,200
/matmul,92.462039552629,200
/matmul,34.24162417650223,200
/matmul,28.437686152756214,200
/matmul,70.88024169206619,200
/matmul,71.80413231253624,200
/matmul,59.24241337925196,200
/matmul,61.98009103536606,200
/matmul,60.39583683013916,200
/matmul,62.752983532845974,200
/matmul,32.372559420764446,200
/matmul,34.27845053374767,200
/matmul,29.38314713537693,200
/matmul,23.937586694955826,200
/matmul,46.29779979586601,200
/matmul,67.01661180704832,200
/matmul,68.3761453256011,200
/matmul,70.30509691685438,200
/matmul,73.85120633989573,200
/matmul,53.820742294192314,200
/matmul,57.219430804252625,200
/matmul,25.178363546729088,200
/matmul,18.56214366853237,200
/matmul,36.639426834881306,200
/matmul,41.923053562641144,200
/matmul,48.58481325209141,200
/matmul,47.20488376915455,200
/matmul,56.521653197705746,200
/matmul,88.03752809762955,200
/matmul,85.3022001683712,200
/matmul,41.85373801738024,200
/matmul,25.90696606785059,200
/matmul,37.524618208408356,200
/matmul,55.64985144883394,200
/matmul,60.20495668053627,200
/matmul,39.03891984373331,200
/matmul,55.64470402896404,200
/matmul,48.159485682845116,200
/matmul,41.921667754650116,200
/matmul,34.55772344022989,200
/matmul,36.2905515357852,200
/matmul,42.68960654735565,200
/matmul,41.60150978714228,200
/matmul,41.43259767442942,200
/matmul,44.7348402813077,200
/matmul,54.049539379775524,200
/matmul,24.32695310562849,200
/matmul,51.27549357712269,200
/matmul,75.83033014088869,200
/matmul,84.47236940264702,200
/matmul,91.0355681553483,200
/matmul,110.59981305152178,200
/matmul,110.07326375693083,200
/matmul,114.64949697256088,200
/matmul,132.84386415034533,200
/matmul,112.86721751093864,200
/matmul,97.22426813095808,200
/matmul,95.71470879018307,200
/matmul,59.03572030365467,200
/matmul,62.101407907903194,200
/matmul,63.42847738415003,200
/matmul,70.43977547436953,200
/matmul,100.36531649529934,200
/matmul,86.81581262499094,200
/matmul,95.55591735988855,200
/matmul,98.53989817202091,200
/matmul,42.136846110224724,200
/matmul,48.99286199361086,200
/matmul,101.04833822697401,200
/matmul,104.58631347864866,200
/matmul,125.8839974179864,200
/matmul,119.69748977571726,200
/matmul,126.23335979878902,200
/matmul,128.79724893718958,200
/matmul,122.68363684415817,200
/matmul,119.2720029503107,200
/matmul,119.46185678243637,200
/matmul,120.67960295826197,200
/matmul,119.15745586156845,200
/matmul,118.1655302643776,200
/matmul,117.2455670312047,200
/matmul,125.49183890223503,200
/matmul,130.6724427267909,200
/matmul,145.2030260115862,200
/matmul,161.90425399690866,200
/matmul,155.87211772799492,200
/matmul,169.96009461581707,200
/matmul,169.81481108814478,200
/matmul,174.27875101566315,200
/matmul,156.44600242376328,200
/matmul,172.86481708288193,200
/matmul,163.64654060453176,200
/matmul,168.95361337810755,200
/matmul,127.6946971192956,200
/matmul,115.64437486231327,200
/matmul,84.59707535803318,200
/matmul,59.65761188417673,200
/matmul,71.2885633111,200
/matmul,56.840366683900356,200
/matmul,64.4275201484561,200
/matmul,36.692945286631584,200
/matmul,43.18636003881693,200
/matmul,53.4049104899168,200
/matmul,67.02069751918316,200
/matmul,65.14898594468832,200
/matmul,56.98329024016857,200
/matmul,21.625240333378315,200
/matmul,24.82820115983486,200
/matmul,34.85300298780203,200
/matmul,24.98525008559227,200
/matmul,20.954497158527374,200
/matmul,21.69808652251959,200
/matmul,27.119510807096958,200
/matmul,28.581074438989162,200
/matmul,35.097056068480015,200
/matmul,40.75624980032444,200
/matmul,37.98418305814266,200
/matmul,18.497077748179436,200
/matmul,17.80654862523079,200
/matmul,31.790011562407017,200
/matmul,34.87538266927004,200
/matmul,37.58665919303894,200
/matmul,42.15184040367603,200
/matmul,38.23300451040268,200
/matmul,25.39276424795389,200
/matmul,20.66774293780327,200
/matmul,25.894926860928535,200
/matmul,57.886747643351555,200
/matmul,64.27067890763283,200
/matmul,67.13214609771967,200
/matmul,22.38281164318323,200
/matmul,40.06138164550066,200
/matmul,22.18372467905283,200
/matmul,25.208028964698315,200
/matmul,34.4079714268446,200
/matmul,39.604934863746166,200
/matmul,31.696838326752186,200
/matmul,48.76737296581268,200
/matmul,51.966188475489616,200
/matmul,27.485715225338936,200
/matmul,38.20855729281902,200
/matmul,45.603676699101925,200
/matmul,21.514885127544403,200
/matmul,22.59163837879896,200
/matmul,29.54577561467886,200
/matmul,23.940447717905045,200
/matmul,23.77118542790413,200
/matmul,79.08190041780472,200
/matmul,66.31053239107132,200
/matmul,31.41267877072096,200
/matmul,42.16921515762806,200
/matmul,22.255836986005306,200
/matmul,25.80761443823576,200
/matmul,38.674759678542614,200
/matmul,50.484769977629185,200
/matmul,65.63346087932587,200
/matmul,70.24021912366152,200
/matmul,74.2805628105998,200
/matmul,78.32799013704062,200
/matmul,83.58956500887871,200
/matmul,101.25798918306828,200
/matmul,105.53081799298525,200
/matmul,84.83313955366611,200
/matmul,87.93136849999428,200
/matmul,96.53432108461857,200
/matmul,82.31487683951855,200
/matmul,91.0278158262372,200
/matmul,95.07131669670343,200
/matmul,100.68417713046074,200
/matmul,99.45300221443176,200
/matmul,104.14161719381809,200
/matmul,124.46402385830879,200
/matmul,119.17318217456341,200
/matmul,117.71231330931187,200
/matmul,121.30432948470116,200
/matmul,123.49654920399189,200
/matmul,118.25251579284668,200
/matmul,103.3290047198534,200
/matmul,98.28799776732922,200
/matmul,96.675512380898,200
/matmul,103.69441378861666,200
/matmul,112.22158093005419,200
/matmul,103.91518659889698,200
/matmul,105.80698307603598,200
/matmul,109.82770193368196,200
/matmul,105.6433292105794,200
/matmul,126.47817004472017,200
/matmul,107.37959947437048,200
/matmul,104.72749266773462,200
/matmul,120.67500408738852,200
/matmul,169.71591766923666,200
/matmul,159.78038497269154,200
/matmul,161.90566401928663,200
/matmul,163.8538483530283,200
/matmul,146.9589164480567,200
/matmul,148.17445073276758,200
/matmul,124.07550495117903,200
/matmul,51.2608727440238,200
/matmul,55.800468660891056,200
/matmul,59.90789458155632,200
/matmul,69.85161546617746,200
/matmul,56.045711040496826,200
/matmul,32.23875164985657,200
/matmul,24.869872257113457,200
/matmul,51.096292212605476,200
/matmul,38.45437150448561,200
/matmul,26.27164777368307,200
/matmul,57.872370816767216,200
/matmul,101.18037648499012,200
/matmul,99.89731386303902,200
/matmul,92.29310508817434,200
/matmul,98.87307416647673,200
/matmul,111.06082517653704,200
/matmul,98.19999616593122,200
/matmul,105.82864470779896,200
/matmul,123.53944405913353,200
/matmul,114.33994956314564,200
/matmul,130.9304516762495,200
/matmul,151.8366038799286,200
/matmul,144.75517813116312,200
/matmul,155.24908527731895,200
/matmul,162.73027751594782,200
/matmul,146.0828548297286,200
/matmul,170.17276491969824,200
/matmul,142.08386838436127,200
/matmul,127.91014835238457,200
/matmul,136.16369850933552,200
/matmul,106.2696473672986,200
/matmul,93.88914704322815,200
/matmul,107.21495188772678,200
/matmul,78.62004917114973,200
/matmul,85.54703556001186,200
/matmul,89.06439691781998,200
/matmul,56.93081300705671,200
/matmul,58.89751948416233,200
/matmul,56.29161652177572,200
/matmul,21.108821034431458,200
/matmul,24.956006556749344,200
/matmul,22.168065421283245,200
/matmul,23.689293302595615,200
/matmul,23.34965206682682,200
/matmul,48.916119150817394,200
/matmul,41.76371544599533,200
/matmul,44.432164169847965,200
/matmul,46.18490673601627,200
/matmul,30.445745214819908,200
/matmul,51.54611822217703,200
/matmul,54.12633530795574,200
/matmul,59.1858671978116,200
/matmul,55.325331166386604,200
/matmul,65.13246893882751,200
/matmul,65.57349395006895,200
/matmul,64.60174731910229,200
/matmul,66.82527624070644,200
/matmul,74.8925032094121,200
/matmul,92.36921556293964,200
/matmul,90.71131702512503,200
/matmul,78.15227191895247,200
/matmul,83.00952985882759,200
/matmul,54.14640810340643,200
/matmul,31.753423623740673,200
/matmul,30.145798809826374,200
/matmul,24.198790080845356,200
/matmul,22.986925207078457,200
/matmul,28.35293859243393,200
/matmul,51.50907393544912,200
/matmul,63.399299047887325,200
/matmul,49.02063217014074,200
/matmul,54.738751612603664,200
/matmul,32.492767088115215,200
/matmul,28.493916615843773,200
/matmul,23.899046704173088,200
/matmul,26.308169588446617,200
/matmul,34.78856664150953,200
/matmul,44.46218069642782,200
/matmul,52.908871322870255,200
/matmul,59.798525646328926,200
/matmul,59.90679748356342,200
/matmul,52.02675797045231,200
/matmul,47.233568504452705,200
/matmul,24.891279637813568,200
/matmul,23.02739303559065,200
/matmul,29.10182997584343,200
/matmul,50.72640813887119,200
/matmul,53.6602633073926,200
/matmul,57.65928141772747,200
/matmul,59.63672697544098,200
/matmul,67.4705458804965,200
/matmul,63.68365418165922,200
/matmul,27.654814533889294,200
/matmul,44.93231885135174,200
/matmul,63.53430263698101,200
/matmul,62.04222049564123,200
/matmul,77.32667028903961,200
/matmul,74.58299957215786,200
/matmul,82.00259134173393,200
/matmul,105.23972753435373,200
/matmul,107.0733917877078,200
/matmul,106.6031213849783,200
/matmul,118.60423441976309,200
/matmul,122.15051893144846,200
/matmul,107.40454215556383,200
/matmul,113.40476479381323,200
/matmul,69.57694329321384,200
/matmul,84.2281449586153,200
/matmul,59.52021759003401,200
/matmul,74.2039242759347,200
/matmul,69.00951359421015,200
/matmul,83.19773431867361,200
/matmul,95.05661390721798,200
/matmul,110.36731489002705,200
/matmul,104.96785957366228,200
/matmul,99.55792222172022,200
/matmul,104.49354443699121,200
/matmul,109.26049202680588,200
/matmul,92.68152713775635,200
/matmul,79.6599043533206,200
/matmul,84.09620821475983,200
/matmul,97.35646843910217,200
/matmul,95.91160528361797,200
/matmul,97.44504559785128,200
/matmul,93.28868798911572,200
/matmul,99.3379270657897,200
/matmul,69.92102973163128,200
/matmul,68.5053551569581,200
/matmul,70.18321100622416,200
/matmul,24.782382883131504,200
/matmul,53.229848854243755,200
/matmul,59.17629599571228,200
/matmul,62.022571451961994,200
/matmul,53.03543899208307,200
/matmul,30.934659764170647,200
/matmul,29.319923371076584,200
/matmul,31.192315742373466,200
/matmul,36.57247591763735,200
/matmul,46.434628777205944,200
/matmul,47.520325519144535,200
/matmul,52.14800499379635,200
/matmul,33.78746006637812,200
/matmul,25.195001624524593,200
/matmul,49.83066767454147,200
/matmul,28.660962358117104,200
/matmul,26.49460081011057,200
/matmul,37.71529067307711,200
/matmul,51.70810408890247,200
/matmul,45.723182149231434,200
/matmul,32.53000136464834,200
/matmul,35.528019070625305,200
/matmul,8.473129943013191,200
/matmul,13.623882085084915,200
/matmul,57.25731048732996,200
/matmul,51.9662918522954,200
/matmul,48.477115109562874,200
/matmul,60.339693911373615,200
/matmul,36.97661589831114,200
/matmul,40.46338517218828,200
/matmul,12.513038702309132,200
/matmul,40.71598220616579,200
/matmul,23.90013262629509,200
/matmul,36.34151443839073,200
/matmul,43.717652559280396,200
/matmul,60.167575255036354,200
/matmul,74.10705741494894,200
/matmul,79.58549167960882,200
/matmul,12.286325916647911,200
/matmul,25.08426085114479,200
/matmul,24.05392751097679,200
/matmul,22.880282253026962,200
/matmul,21.958121098577976,200
/matmul,12.4882273375988,200
/matmul,15.626185573637486,200
/matmul,37.23712544888258,200
/matmul,40.38925748318434,200
/matmul,9.371931664645672,200
/matmul,23.145925253629684,200
/matmul,14.094618149101734,200
/matmul,27.80283521860838,200
/matmul,33.59229303896427,200
/matmul,10.595536790788174,200
/matmul,23.118438199162483,200
/matmul,27.206217870116234,200
/matmul,15.325214713811874,200
/matmul,12.591239996254444,200
/matmul,18.2778500020504,200
/matmul,18.037328496575356,200
/matmul,27.938267216086388,200
/matmul,23.947845213115215,200
/matmul,13.325396925210953,200
/matmul,38.053703494369984,200
/matmul,49.776144325733185,200
/matmul,20.79071942716837,200
/matmul,22.472522221505642,200
/matmul,8.28597042709589,200
/matmul,10.611312463879585,200
/matmul,55.28125539422035,200
/matmul,57.886356487870216,200
/matmul,40.234546177089214,200
/matmul,22.868862375617027,200
/matmul,22.598866373300552,200
/matmul,24.3221465498209,200
/matmul,35.972961224615574,200
/matmul,65.07825292646885,200
/matmul,70.79185452312231,200
/matmul,72.99755699932575,200
/matmul,12.181198224425316,200
/matmul,74.10000264644623,200
/matmul,41.28625709563494,200
/matmul,28.528612107038498,200
/matmul,32.326302491128445,200
/matmul,8.20841547101736,200
/matmul,9.438351728022099,200
/matmul,21.999182179570198,200
/matmul,27.127268724143505,200
/matmul,13.956097885966301,200
/matmul,28.778038918972015,200
/matmul,21.650657057762146,200
/matmul,15.676428563892841,200
/matmul,32.225072383880615,200
/matmul,61.56809441745281,200
/matmul,55.95752689987421,200
/matmul,61.11443229019642,200
/matmul,57.82656278461218,200
/matmul,8.111189119517803,200
/matmul,43.60625799745321,200
/matmul,48.06501418352127,200
/matmul,24.82057176530361,200
/matmul,13.161438517272472,200
/matmul,9.579533711075783,200
/matmul,35.74638720601797,200
/matmul,51.64344981312752,200
/matmul,77.84372381865978,200
/matmul,28.25613133609295,200
/matmul,23.345728404819965,200
/matmul,30.89502453804016,200
/matmul,10.529556311666965,200
/matmul,24.11431632936001,200
/matmul,11.648757383227348,200
/matmul,55.98176922649145,200
/matmul,62.16138415038586,200
/matmul,62.144942581653595,200
/matmul,25.339527055621147,200
/matmul,50.68586673587561,200
/matmul,44.66966073960066,200
/matmul,54.64112292975187,200
/matmul,57.500045746564865,200
/matmul,50.539011135697365,200
/matmul,7.81315378844738,200
/matmul,27.853308245539665,200
/matmul,31.394082121551037,200
/matmul,15.062938444316387,200
/matmul,15.815462917089462,200
/matmul,20.839299075305462,200
/matmul,27.732168324291706,200
/matmul,47.193512320518494,200
/matmul,55.91229069977999,200
/matmul,58.529444970190525,200
/matmul,59.4899570569396,200
/matmul,45.408728532493114,200
/matmul,48.43621887266636,200
/matmul,11.272642761468887,200
/matmul,31.006055884063244,200
/matmul,42.860119603574276,200
/matmul,34.25205685198307,200
/matmul,46.41110450029373,200
/matmul,54.228851571679115,200
/matmul,12.140988372266293,200
/matmul,53.03552653640509,200
/matmul,34.643037244677544,200
/matmul,14.313667081296444,200
/matmul,45.509057119488716,200
/matmul,42.097922414541245,200
/matmul,11.152910068631172,200
/matmul,37.05882001668215,200
/matmul,40.014403872191906,200
/matmul,8.972803130745888,200
/matmul,23.070821538567543,200
/matmul,27.036363258957863,200
/matmul,28.916824609041214,200
/matmul,62.94688489288092,200
/matmul,74.13649093359709,200
/matmul,64.19561617076397,200
/matmul,28.69474980980158,200
/matmul,37.57803700864315,200
/matmul,42.06959344446659,200
/matmul,11.906596831977367,200
/matmul,46.70380987226963,200
/matmul,49.64987654238939,200
/matmul,47.66939487308264,200
/matmul,43.863316997885704,200
/matmul,53.710305131971836,200
/matmul,64.2408262938261,200
/matmul,21.613300777971745,200
/matmul,67.60455667972565,200
/matmul,62.835331074893475,200
/matmul,9.932094253599644,200
/matmul,49.656568095088005,200
/matmul,67.65077821910381,200
/matmul,62.72026337683201,200
/matmul,24.60115123540163,200
/matmul,53.36167849600315,200
/matmul,46.372092328965664,200
/matmul,60.47943141311407,200
/matmul,86.68794855475426,200
/matmul,99.09219853579998,200
/matmul,12.155155651271343,200
/matmul,110.48600822687149,200
/matmul,120.19569706171751,200
/matmul,110.41855812072754,200
/matmul,92.83241722732782,200
/matmul,89.72638379782438,200
/matmul,95.79295944422483,200
/matmul,75.22580120712519,200
/matmul,86.13050449639559,200
/matmul,91.53216145932674,200
/matmul,94.73891369998455,200
/matmul,72.82864674925804,200
/matmul,80.73693886399269,200
/matmul,9.538835845887661,200
/matmul,70.01336012035608,200
/matmul,62.19345144927502,200
/matmul,47.65034932643175,200
/matmul,35.367509350180626,200
/matmul,31.560132279992104,200
/matmul,26.543770916759968,200
/matmul,36.89585626125336,200
/matmul,54.129913449287415,200
/matmul,51.00600700825453,200
/matmul,65.9782700240612,200
/matmul,85.3603845462203,200
/matmul,86.74712292850018,200
/matmul,85.05709934979677,200
/matmul,80.54553344845772,200
/matmul,19.240522757172585,200
/matmul,47.37531486898661,200
/matmul,51.666160114109516,200
/matmul,52.998160012066364,200
/matmul,8.035638369619846,200
/matmul,13.326230458915234,200
/matmul,48.628595657646656,200
/matmul,55.564217269420624,200
/matmul,22.867846302688122,200
/matmul,33.19765627384186,200
/matmul,23.09475652873516,200
/matmul,28.31797208636999,200
/matmul,11.521690525114536,200
/matmul,24.27940722554922,200
/matmul,30.781772918999195,200
/matmul,25.33328253775835,200
/matmul,53.70038095861673,200
/matmul,36.962722428143024,200
/matmul,12.523100711405277,200
/matmul,11.867760680615902,200
/matmul,31.529119238257408,200
/matmul,11.909988708794117,200
/matmul,25.187444873154163,200
/matmul,14.749162830412388,200
/matmul,29.130606912076473,200
/matmul,26.56024321913719,200
/matmul,47.15283680707216,200
/matmul,40.89099820703268,200
/matmul,54.69776317477226,200
/matmul,26.12479217350483,200
/matmul,25.93523357063532,200
/matmul,47.503926791250706,200
/matmul,52.958834916353226,200
/matmul,57.35792685300112,200
/matmul,41.68867040425539,200
/matmul,40.54624307900667,200
/matmul,24.526226334273815,200
/matmul,29.92255426943302,200
/matmul,32.44607336819172,200
/matmul,29.516784474253654,200
/matmul,11.268967762589455,200
/matmul,23.921998217701912,200
/matmul,26.146194897592068,200
/matmul,55.91064132750034,200
/matmul,10.234326124191284,200
/matmul,28.14839780330658,200
/matmul,14.08120896667242,200
/matmul,36.76240332424641,200
/matmul,9.297654964029789,200
/matmul,65.41174091398716,200
/matmul,70.26262395083904,200
/matmul,58.81056468933821,200
/matmul,11.344177648425102,200
/matmul,65.47941267490387,200
/matmul,8.911697193980217,200
/matmul,58.74255578964949,200
/matmul,64.79592900723219,200
/matmul,8.616686798632145,200
/matmul,14.807470142841339,200
/matmul,124.71138779073954,200
/matmul,126.36176031082869,200
/matmul,131.21939077973366,200
/matmul,132.64517299830914,200
/matmul,127.39535048604012,200
/matmul,139.73168842494488,200
/matmul,156.15372452884912,200
/matmul,150.20749531686306,200
/matmul,143.35274789482355,200
/matmul,115.48433173447847,200
/matmul,101.6990877687931,200
/matmul,103.73913310468197,200
/matmul,77.41915713995695,200
/matmul,75.50730276852846,200
/matmul,60.479690320789814,200
/matmul,44.99902110546827,200
/matmul,49.85989909619093,200
/matmul,61.97976693511009,200
/matmul,66.2689795717597,200
/matmul,79.99654859304428,200
/matmul,63.58357146382332,200
/matmul,53.12408693134785,200
/matmul,52.15174425393343,200
/matmul,66.51208642870188,200
/matmul,68.96637193858624,200
/matmul,77.90082786232233,200
/matmul,64.68851678073406,200
/matmul,51.331777125597,200
/matmul,53.748711943626404,200
/matmul,48.8063907250762,200
/matmul,47.54689522087574,200
/matmul,53.172883577644825,200
/matmul,48.8958777859807,200
/matmul,45.48567999154329,200
/matmul,48.57963602989912,200
/matmul,77.2998696193099,200
/matmul,81.30724355578423,200
/matmul,71.52112573385239,200
/matmul,85.5129649862647,200
/matmul,91.71211160719395,200
/matmul,100.99323745816946,200
/matmul,120.34403719007969,200
/matmul,115.61036482453346,200
/matmul,116.16778653115034,200
/matmul,120.68710196763277,200
/matmul,130.6664813309908,200
/matmul,144.57433950155973,200
/matmul,134.52264573425055,200
/matmul,133.66253580898046,200
/matmul,134.77072305977345,200
/matmul,114.03728276491165,200
/matmul,104.23378832638264,200
/matmul,71.51092775166035,200
/matmul,75.98337903618813,200
/matmul,27.986924163997173,200
/matmul,29.224335215985775,200
/matmul,31.625786796212196,200
/matmul,21.925884298980236,200
/matmul,39.07659184187651,200
/matmul,42.32011362910271,200
/matmul,37.68068552017212,200
/matmul,46.69605940580368,200
/matmul,28.760692104697227,200
/matmul,32.3431883007288,200
/matmul,23.618370294570923,200
/matmul,24.43093992769718,200
/matmul,23.815590888261795,200
/matmul,23.027357645332813,200
/matmul,28.163823299109936,200
/matmul,53.51334810256958,200
/matmul,46.92053236067295,200
/matmul,190.38996007293463,200
/matmul,183.97105671465397,200
/matmul,166.30486864596605,200
/matmul,127.45244801044464,200
/matmul,145.192202180624,200
/matmul,149.10216350108385,200
/matmul,154.28748540580273,200
/matmul,158.91654323786497,200
/matmul,169.14862114936113,200
/matmul,183.22497606277466,200
/matmul,186.66607234627008,200
/matmul,190.27644582092762,200
/matmul,198.2969231903553,200
/matmul,193.64118203520775,200
/matmul,195.2121313661337,200
/matmul,172.30325285345316,200
/matmul,178.1488573178649,200
/matmul,180.64947426319122,200
/matmul,166.63634590804577,200
/matmul,136.64089236408472,200
/matmul,141.65445417165756,200
/matmul,134.23838838934898,200
/matmul,118.72148141264915,200
/matmul,132.84363877028227,200
/matmul,130.52202761173248,200
/matmul,133.55515617877245,200
/matmul,142.7410263568163,200
/matmul,139.31549340486526,200
/matmul,143.29421613365412,200
/matmul,145.30978724360466,200
/matmul,125.1052338629961,200
/matmul,109.42993499338627,200
/matmul,104.82682287693024,200
/matmul,87.1873153373599,200
/matmul,76.91714446991682,200
/matmul,34.93595868349075,200
/matmul,32.32046589255333,200
/matmul,24.097267538309097,200
/matmul,44.148691929876804,200
/matmul,49.18357636779547,200
/matmul,49.04529731720686,200
/matmul,38.53845503181219,200
/matmul,22.628814913332462,200
/matmul,25.212117470800877,200
/matmul,32.112667337059975,200
/matmul,28.809609822928905,200
/matmul,27.279214933514595,200
/matmul,29.83688749372959,200
/matmul,37.4203659594059,200
/matmul,42.37970430403948,200
/matmul,36.8894562125206,200
/matmul,53.25393192470074,200
/matmul,59.96477231383324,200
/matmul,64.92773722857237,200
/matmul,83.41848757117987,200
/matmul,93.75296253710985,200
/matmul,94.30793300271034,200
/matmul,94.00900360196829,200
/matmul,90.54974652826786,200
/matmul,65.10047521442175,200
/matmul,65.4383534565568,200
/matmul,49.422445707023144,200
/matmul,38.00499718636274,200
/matmul,27.140945196151733,200
/matmul,27.366098947823048,200
/matmul,28.512028977274895,200
/matmul,32.37988706678152,200
/matmul,36.4254591986537,200
/matmul,18.55671312659979,200
/matmul,24.54641554504633,200
/matmul,26.1486629024148,200
/matmul,22.456130012869835,200
/matmul,38.27373031526804,200
/matmul,45.45155633240938,200
/matmul,37.24787291139364,200
/matmul,39.32220675051212,200
/matmul,33.25769118964672,200
/matmul,142.29557663202286,200
/matmul,170.83944380283356,200
/matmul,176.9191836938262,200
/matmul,258.84782429784536,200
/matmul,326.63192693144083,200
/matmul,344.6221826598048,200
/matmul,386.0264364629984,200
/matmul,414.81400467455387,200
/matmul,428.3414678648114,200
/matmul,492.65737645328045,200
/matmul,564.2130691558123,200
/matmul,648.8183019682765,200
/matmul,672.5878231227398,200
/matmul,762.8645421937108,200
/matmul,881.0243038460612,200
/matmul,957.6622219756246,200
/matmul,1085.7617994770408,200
/matmul,1223.9224268123507,200
/matmul,1327.2581649944186,200
/matmul,1380.7731997221708,200
/matmul,1365.194072946906,200
/matmul,1414.2935890704393,200
/matmul,1455.6544199585915,200
/matmul,1476.691834628582,200
/matmul,1518.974837847054,200
/matmul,1518.1179400533438,200
/matmul,1548.8197188824415,200
/matmul,1580.1683338358998,200
/matmul,1600.7896419614553,200
/matmul,1626.6067177057266,200
/matmul,1656.3308043405414,200
/matmul,1692.9451450705528,200
/matmul,1728.8167467340827,200
/matmul,1789.5286856219172,200
/matmul,1826.4059331268072,200
/matmul,1834.5841178670526,200
/matmul,1868.8559671863914,200
/matmul,1876.8746815621853,200
/matmul,1884.9741332232952,200
/matmul,1851.291986182332,200
/matmul,1867.12590418756,200
/matmul,1856.2842244282365,200
/matmul,1889.373387210071,200
/matmul,1923.1312843039632,200
/matmul,1955.6746277958155,200
/matmul,1969.5990160107613,200
/matmul,1992.046508938074,200
/matmul,1981.8220473825932,200
/matmul,2009.5009859651327,200
/matmul,2046.543368138373,200
/matmul,2071.143983863294,200
/matmul,2092.911085113883,200
/matmul,2104.4878773391247,200
/matmul,2164.503253996372,200
/matmul,2203.276749700308,200
/matmul,2275.9667709469795,200
/matmul,2312.038348056376,200
/matmul,2345.1347071677446,200
/matmul,2344.1321663558483,200
/matmul,2355.9810696169734,200
/matmul,2390.1141062378883,200
/matmul,2411.999856121838,200
/matmul,2451.434868387878,200
/matmul,2471.663828007877,200
/matmul,2503.6027217283845,200
/matmul,2540.529686026275,200
/matmul,2564.3164180219173,200
/matmul,2595.031701028347,200
/matmul,2611.4338217303157,200
/matmul,2633.7558329105377,200
/matmul,2619.18649636209,200
/matmul,2643.7713904306293,200
/matmul,2640.3278782963753,200
/matmul,2669.2237704992294,200
/matmul,2660.365344956517,200
/matmul,2658.87395106256,200
/matmul,2665.0440199300647,200
/matmul,2690.590408630669,200
/matmul,2692.330508492887,200
/matmul,2767.9989133030176,200
/matmul,2802.8581850230694,200
/matmul,2862.963649444282,200
/matmul,2778.3617628738284,200
/matmul,2814.0520425513387,200
/matmul,2874.2719562724233,200
/matmul,2901.990843936801,200
/matmul,2872.6130230352283,200
/matmul,2888.683270663023,200
/matmul,2936.2050220370293,200
/matmul,2898.0551790446043,200
/matmul,2795.1267808675766,200
/matmul,2792.299682274461,200
/matmul,2799.946563318372,200
/matmul,2837.2866241261363,200
/matmul,2837.7242982387543,200
/matmul,2851.7460767179728,200
/matmul,2893.2400280609727,200
/matmul,2887.891926802695,200
/matmul,2916.663403622806,200
/matmul,2946.650500409305,200
/matmul,2987.577042542398,200
/matmul,3007.6812906190753,200
/matmul,3029.559077695012,200
/matmul,3076.8328988924623,200
/matmul,3038.4780447930098,200
/matmul,3074.1728814318776,200
/matmul,2964.3587125465274,200
/matmul,2954.6586079522967,200
/matmul,2770.6533605232835,200
/matmul,2758.82373098284,200
/matmul,2685.2902928367257,200
/matmul,2763.1678581237793,200
/matmul,2787.010627798736,200
/matmul,2847.6341497153044,200
/matmul,2898.5905358567834,200
/matmul,2892.0386331155896,200
/matmul,2914.0094881877303,200
/matmul,2929.136441089213,200
/matmul,2923.0712363496423,200
/matmul,2910.2728506550193,200
/matmul,2832.6484886929393,200
/matmul,2756.329759955406,200
/matmul,2771.202176809311,200
/matmul,2725.1733848825097,200
/matmul,2494.6300461888313,200
/matmul,2364.330899901688,200
/matmul,2395.246861502528,200
/matmul,2415.6193751841784,200
/matmul,2436.9758618995547,200
/matmul,2391.2236727774143,200
/matmul,2359.3627121299505,200
/matmul,2405.1092118024826,200
/matmul,2345.6470211967826,200
/matmul,2373.253872618079,200
/matmul,2402.526264078915,200
/matmul,2424.535047262907,200
/matmul,2376.5776017680764,200
/matmul,2386.870749294758,200
/matmul,2366.2758953869343,200
/matmul,2385.0737120956182,200
/matmul,2261.182190850377,200
/matmul,2300.0654047355056,200
/matmul,2326.714032329619,200
/matmul,2344.8464069515467,200
/matmul,2413.305751979351,200
/matmul,2436.0016901046038,200
/matmul,2469.72378436476,200
/matmul,2465.369957499206,200
/matmul,2479.4143633916974,200
/matmul,2517.45374314487,200
/matmul,2464.2079677432775,200
/matmul,2425.413263961673,200
/matmul,2449.7876996174455,200
/matmul,2449.6658695861697,200
/matmul,2449.144594371319,200
/matmul,2467.4740340560675,200
/matmul,2499.3071500211954,200
/matmul,2492.098462767899,200
/matmul,2522.874298505485,200
/matmul,2466.3599571213126,200
/matmul,2425.8273225277662,200
/matmul,2412.5333102419972,200
/matmul,2438.8791136443615,200
/matmul,2471.2332766503096,200
/matmul,2505.2914693951607,200
/matmul,2535.2150183171034,200
/matmul,2539.3142215907574,200
/matmul,2566.6727796196938,200
/matmul,2576.6350738704205,200
/matmul,2625.539286993444,200
/matmul,2631.252641789615,200
/matmul,2589.4854441285133,200
/matmul,2628.7244400009513,200
/matmul,2678.032461553812,200
/matmul,2613.382142968476,200
/matmul,2626.726370304823,200
/matmul,2662.3176420107484,200
/matmul,2586.6407761350274,200
/matmul,2555.350641719997,200
/matmul,2504.8493202775717,200
/matmul,2535.191419534385,200
/matmul,2584.996236488223,200
/matmul,2526.8903905525804,200
/matmul,2459.9964134395123,200
/matmul,2475.3682371228933,200
/matmul,2430.23871909827,200
/matmul,2439.562000334263,200
/matmul,2491.2684485316277,200
/matmul,2480.6003430858254,200
/matmul,2442.232558503747,200
/matmul,2360.0125210359693,200
/matmul,2307.895103469491,200
/matmul,2263.115963898599,200
/matmul,2275.1393262296915,200
/matmul,2303.609427064657,200
/matmul,2303.7605760619044,200
/matmul,2367.992120794952,200
/matmul,2392.5677742809057,200
/matmul,2380.2031129598618,200
/matmul,2441.259273327887,200
/matmul,2327.522926032543,200
/matmul,2332.1713376790285,200
/matmul,2327.627008780837,200
/matmul,2309.301749803126,200
/matmul,2278.2459035515785,200
/matmul,2287.8978457301855,200
/matmul,2228.26639842242,200
/matmul,2239.460479468107,200
/matmul,2249.891981482506,200
/matmul,2258.497747592628,200
/matmul,2310.153561644256,200
/matmul,2246.638904325664,200
/matmul,2235.849273391068,200
/matmul,2256.1636455357075,200
/matmul,2275.478691793978,200
/matmul,2277.317341417074,200
/matmul,2240.1807261630893,200
/matmul,2262.051997706294,200
/matmul,2319.02729626745,200
/matmul,2345.9407947957516,200
/matmul,2365.0584369897842,200
/matmul,2401.2930234894156,200
/matmul,2422.051620669663,200
/matmul,2332.5684927403927,200
/matmul,2355.8951430022717,200
/matmul,2336.9057243689895,200
/matmul,2382.4504632502794,200
/matmul,2417.1552807092667,200
/matmul,2423.1802811846137,200
/matmul,2391.6452191770077,200
/matmul,2413.751603104174,200
/matmul,2393.179933540523,200
/matmul,2419.8296228423715,200
/matmul,2473.1787191703916,200
/matmul,2428.5511635243893,200
/matmul,2450.449602678418,200
/matmul,2448.3466893434525,200
/matmul,2472.4623784422874,200
/matmul,2522.120540961623,200
/matmul,2520.719557069242,200
/matmul,2580.227730795741,200
/matmul,2581.2555691227317,200
/matmul,2571.6676339507103,200
/matmul,2572.8693855926394,200
/matmul,2613.3652571588755,200
/matmul,2590.0619346648455,200
/matmul,2628.8312263786793,200
/matmul,2683.8141037151217,200
/matmul,2653.2886615023017,200
/matmul,2582.7319538220763,200
/matmul,2622.7253917604685,200
/matmul,2688.9349510893226,200
/matmul,2734.175009652972,200
/matmul,2676.6579123213887,200
/matmul,2699.731094762683,200
/matmul,2722.2588546574116,200
/matmul,2726.512427441776,200
/matmul,2662.759903818369,200
/matmul,2667.4536103382707,200
/matmul,2684.514218941331,200
/matmul,2714.758798480034,200
/matmul,2735.9791062772274,200
/matmul,2715.7405838370323,200
/matmul,2718.267733231187,200
/matmul,2647.405211813748,200
/matmul,2672.0061022788286,200
/matmul,2700.2232670783997,200
/matmul,2738.4333265945315,200
/matmul,2763.0406115204096,200
/matmul,2757.7863512560725,200
/matmul,2710.39969753474,200
/matmul,2737.756202928722,200
/matmul,2770.955054089427,200
/matmul,2795.781657099724,200
/matmul,2845.4799400642514,200
/matmul,2821.8301506713033,200
/matmul,2727.6371316984296,200
/matmul,2755.1131900399923,200
/matmul,2701.669960282743,200
/matmul,2705.558047629893,200
/matmul,2716.66743978858,200
/matmul,2753.3630384132266,200
/matmul,2590.509021654725,200
/matmul,2611.176564358175,200
/matmul,2614.5501360297203,200
/matmul,2654.062857851386,200
/matmul,2658.9330108836293,200
/matmul,2684.0988770127296,200
/matmul,2545.7833176478744,200
/matmul,2550.4988031461835,200
/matmul,2552.3078897967935,200
/matmul,2558.105420321226,200
/matmul,2535.8968498185277,200
/matmul,2468.460754491389,200
/matmul,2490.8373346552253,200
/matmul,2501.730339601636,200
/matmul,2538.1573606282473,200
/matmul,2609.109891578555,200
/matmul,2606.733974069357,200
/matmul,2624.1119522601366,200
/matmul,2654.3237678706646,200
/matmul,2719.1530717536807,200
/matmul,2621.7740019783378,200
/matmul,2665.6834287568927,200
/matmul,2686.5792823955417,200
/matmul,2671.098173595965,200
/matmul,2620.5984381958842,200
/matmul,2645.90756688267,200
/matmul,2672.3612546920776,200
/matmul,2671.892547979951,200
/matmul,2589.8134103044868,200
/matmul,2633.5728187114,200
/matmul,2617.8456330671906,200
/matmul,2649.6717305853963,200
/matmul,2685.8115792274475,200
/matmul,2712.380636483431,200
/matmul,2732.1860641241074,200
/matmul,2602.203664369881,200
/matmul,2584.9956441670656,200
/matmul,2642.7259454503655,200
/matmul,2631.3518779352307,200
/matmul,2533.2704074680805,200
/matmul,2550.688572227955,200
/matmul,2446.8618538230658,200
/matmul,2445.7373591139913,200
/matmul,2474.597946740687,200
/matmul,2443.8373148441315,200
/matmul,2421.0876803845167,200
/matmul,2420.4600993543863,200
/matmul,2410.689925774932,200
/matmul,2267.576332204044,200
/matmul,2289.8017186671495,200
/matmul,2315.667958930135,200
/matmul,2336.9618160650134,200
/matmul,2387.6103088259697,200
/matmul,2417.157775722444,200
/matmul,2417.2486858442426,200
/matmul,2353.3969363197684,200
/matmul,2316.182801499963,200
/matmul,2337.426089681685,200
/matmul,2352.900336496532,200
/matmul,2395.1447242870927,200
/matmul,2420.826645568013,200
/matmul,2417.3350874334574,200
/matmul,2437.7585519105196,200
/matmul,2434.5669681206346,200
/matmul,2407.768353819847,200
/matmul,2418.978225439787,200
/matmul,2425.821607001126,200
/matmul,2476.5803618356586,200
/matmul,2518.417999148369,200
/matmul,2534.172690473497,200
/matmul,2598.689218983054,200
/matmul,2561.585897579789,200
/matmul,2523.344830609858,200
/matmul,2479.3828297406435,200
/matmul,2505.8081839233637,200
/matmul,2540.4100669547915,200
/matmul,2498.0361945927143,200
/matmul,2474.3048269301653,200
/matmul,2523.447592742741,200
/matmul,2526.8779043108225,200
/matmul,2621.570635586977,200
/matmul,2655.467474833131,200
/matmul,2663.207340054214,200
/matmul,2679.2992521077394,200
/matmul,2642.7755132317543,200
/matmul,2623.732252046466,200
/matmul,2559.248120523989,200
/matmul,2585.9775012359023,200
/matmul,2607.1869349107146,200
/matmul,2613.7441098690033,200
/matmul,2647.1227444708347,200
/matmul,2663.1970973685384,200
/matmul,2624.9539526179433,200
/matmul,2551.3512967154384,200
/matmul,2567.5135739147663,200
/matmul,2566.8857283890247,200
/matmul,2603.285487741232,200
/matmul,2640.205050818622,200
/matmul,2680.9860253706574,200
/matmul,2686.3374253734946,200
/matmul,2663.7738281860948,200
/matmul,2679.667099379003,200
/matmul,2696.0512809455395,200
/matmul,2724.5630212128162,200
/matmul,2741.900564171374,200
/matmul,2668.0363193154335,200
/matmul,2684.373269788921,200
/matmul,2695.3591983765364,200
/matmul,2661.1578771844506,200
/matmul,2692.698231898248,200
/matmul,2672.1211057156324,200
/matmul,2723.6890587955713,200
/matmul,2672.401003539562,200
/matmul,2702.7571192011237,200
/matmul,2728.7536999210715,200
/matmul,2750.722773373127,200
/matmul,2804.260151460767,200
/matmul,2754.499210976064,200
/matmul,2779.2141558602452,200
/matmul,2809.3940196558833,200
/matmul,2774.2158006876707,200
/matmul,2783.8083738461137,200
/matmul,2778.118477202952,200
/matmul,2821.350342594087,200
/matmul,2777.772000990808,200
/matmul,2822.5662913173437,200
/matmul,2733.365341089666,200
/matmul,2738.0372043699026,200
/matmul,2629.0015801787376,200
/matmul,2688.1824247539043,200
/matmul,2700.8698377758265,200
/matmul,2710.7765916734934,200
/matmul,2515.040391124785,200
/matmul,2509.130332618952,200
/matmul,2534.7553631290793,200
/matmul,2519.4869292899966,200
/matmul,2588.0669467151165,200
/matmul,2599.622366949916,200
/matmul,2631.5981904044747,200
/matmul,2614.658364094794,200
/matmul,2611.7493445053697,200
/matmul,2649.4435174390674,200
/matmul,2631.9804852828383,200
/matmul,2551.5454998239875,200
/matmul,2545.3416164964437,200
/matmul,2506.5305177122355,200
/matmul,2529.387552291155,200
/matmul,2333.689429797232,200
/matmul,2354.6855663880706,200
/matmul,2376.6423473134637,200
/matmul,2409.6786249428988,200
/matmul,2398.591011762619,200
/matmul,2391.230867244303,200
/matmul,2428.405395708978,200
/matmul,2378.8712676614523,200
/matmul,2358.926774933934,200
/matmul,2378.6059068515897,200
/matmul,2286.0677847638726,200
/matmul,2231.276424601674,200
/matmul,2209.6758373081684,200
/matmul,2253.0671460554004,200
/matmul,2228.450594469905,200
/matmul,2283.575078472495,200
/matmul,2290.482326410711,200
/matmul,2283.239967189729,200
/matmul,2249.741687439382,200
/matmul,2247.842933051288,200
/matmul,2214.548391290009,200
/matmul,2246.6029431670904,200
/matmul,2221.4600974693894,200
/matmul,2258.462402038276,200
/matmul,2306.181258521974,200
/matmul,2311.132252216339,200
/matmul,2335.56483220309,200
/matmul,2285.1317981258035,200
/matmul,2299.91452768445,200
/matmul,2322.273808531463,200
/matmul,2262.1009834110737,200
/matmul,2300.9788589552045,200
/matmul,2335.4779183864594,200
/matmul,2349.2893325164914,200
/matmul,2416.456453502178,200
/matmul,2432.9080376774073,200
/matmul,2381.209325045347,200
/matmul,2342.729652300477,200
/matmul,2383.0022467300296,200
/matmul,2421.329654753208,200
/matmul,2445.6774620339274,200
/matmul,2472.0369204878807,200
/matmul,2473.276569508016,200
/matmul,2490.8188777044415,200
/matmul,2423.7684262916446,200
/matmul,2462.546140886843,200
/matmul,2484.2080995440483,200
/matmul,2524.0248618647456,200
/matmul,2544.0827449783683,200
/matmul,2573.234152980149,200
/matmul,2598.0584817007184,200
/matmul,2555.599900893867,200
/matmul,2479.3817959725857,200
/matmul,2440.147547982633,200
/matmul,2482.66573715955,200
/matmul,2503.0380599200726,200
/matmul,2516.7712830007076,200
/matmul,2447.5273359566927,200
/matmul,2444.307920522988,200
/matmul,2466.599177569151,200
/matmul,2458.8843109086156,200
/matmul,2455.7988783344626,200
/matmul,2403.9572086185217,200
/matmul,2429.832736030221,200
/matmul,2447.9029392823577,200
/matmul,2442.296595312655,200
/matmul,2457.7499330043793,200
/matmul,2477.288557216525,200
/matmul,2539.5119469612837,200
/matmul,2564.261910505593,200
/matmul,2546.733073890209,200
/matmul,2561.385679990053,200
/matmul,2537.0885422453284,200
/matmul,2551.24275572598,200
/matmul,2532.650769688189,200
/matmul,2515.2231315150857,200
/matmul,2518.7841691076756,200
/matmul,2509.084276854992,200
/matmul,2471.679415553808,200
/matmul,2451.4345843344927,200
/matmul,2507.881984114647,200
/matmul,2541.9481890276074,200
/matmul,2483.472620137036,200
/matmul,2485.9893089160323,200
/matmul,2467.7289593964815,200
/matmul,2490.168203599751,200
/matmul,2424.861140549183,200
/matmul,2460.3416435420513,200
/matmul,2471.767625771463,200
/matmul,2439.2143730074167,200
/matmul,2467.948969453573,200
/matmul,2533.579586073756,200
/matmul,2579.500156454742,200
/matmul,2521.763605065644,200
/matmul,2552.897079847753,200
/matmul,2591.0255163908005,200
/matmul,2622.969999909401,200
/matmul,2647.013148292899,200
/matmul,2676.264408044517,200
/matmul,2661.9026586413383,200
/matmul,2661.0269006341696,200
/matmul,2678.7153873592615,200
/matmul,2653.6518270149827,200
/matmul,2596.985623240471,200
/matmul,2651.599772274494,200
/matmul,2684.9870923906565,200
/matmul,2499.868751503527,200
/matmul,2602.859940379858,200
/matmul,2636.755581945181,200
/matmul,2651.3360999524593,200
/matmul,2685.3067353367805,200
/matmul,2686.847720295191,200
/matmul,2671.246839687228,200
/matmul,2691.765454597771,200
/matmul,2719.65907048434,200
/matmul,2572.504874318838,200
/matmul,2520.7346910610795,200
/matmul,2471.1180608719587,200
/matmul,2499.388100579381,200
/matmul,2514.3131325021386,200
/matmul,2450.418290682137,200
/matmul,2467.5820898264647,200
/matmul,2490.145874209702,200
/matmul,2520.5966383218765,200
/matmul,2565.401534549892,200
/matmul,2603.0082553625107,200
/matmul,2571.288357488811,200
/matmul,2542.295732535422,200
/matmul,2542.369209229946,200
/matmul,2475.4743464291096,200
/matmul,2556.111192330718,200
/matmul,2517.5085701048374,200
/matmul,2594.5402244105935,200
/matmul,2650.8768796920776,200
/matmul,2680.719674564898,200
/matmul,2710.196911357343,200
/matmul,2672.3899208009243,200
/matmul,2687.297275289893,200
/matmul,2712.388369254768,200
/matmul,2732.8537069261074,200
/matmul,2755.553735420108,200
/matmul,2775.3891637548804,200
/matmul,2678.87254152447,200
/matmul,2724.6282724663615,200
/matmul,2695.5812769010663,200
/matmul,2713.7684542685747,200
/matmul,2726.34413652122,200
/matmul,2761.559079401195,200
/matmul,2815.0118878111243,200
/matmul,2764.432452619076,200
/matmul,2683.5557222366333,200
/matmul,2700.1209584996104,200
/matmul,2739.7254845127463,200
/matmul,2757.429763674736,200
/matmul,2771.950440481305,200
/matmul,2754.2968709021807,200
/matmul,2769.6175230666995,200
/matmul,2801.6218300908804,200
/matmul,2744.0107986330986,200
/matmul,2719.7033865377307,200
/matmul,2750.3515677526593,200
/matmul,2658.610688522458,200
/matmul,2705.9570122510195,200
/matmul,2750.43164473027,200
/matmul,2792.096558958292,200
/matmul,2815.2993004769087,200
/matmul,2784.9972676485777,200
/matmul,2683.949106372893,200
/matmul,2747.0752373337746,200
/matmul,2785.8693515881896,200
/matmul,2765.4151394963264,200
/matmul,2792.3967791721225,200
/matmul,2830.27233928442,200
/matmul,2777.998285368085,200
/matmul,2644.9724128469825,200
/matmul,2646.9268007203937,200
/matmul,2616.375566460192,200
/matmul,2594.455448910594,200
/matmul,2611.657889559865,200
/matmul,2612.138092517853,200
/matmul,2556.009461171925,200
/matmul,2636.2607274204493,200
/matmul,2541.000112891197,200
/matmul,2571.049720980227,200
/matmul,2607.788857072592,200
/matmul,2676.1077530682087,200
/matmul,2702.1287931129336,200
/matmul,2729.811412282288,200
/matmul,2692.2844406217337,200
/matmul,2708.4068255499005,200
/matmul,2731.4094565808773,200
/matmul,2546.967194415629,200
/matmul,2566.432246938348,200
/matmul,2584.528182633221,200
/matmul,2592.006246559322,200
/matmul,2580.008910037577,200
/matmul,2584.2506559565663,200
/matmul,2551.777610555291,200
/matmul,2572.2519578412175,200
/matmul,2560.478338971734,200
/matmul,2584.0594936162233,200
/matmul,2570.9277829155326,200
/matmul,2512.2883887961507,200
/matmul,2493.7539100646973,200
/matmul,2503.858600743115,200
/matmul,2552.3753305897117,200
/matmul,2550.9085413068533,200
/matmul,2511.481580324471,200
/matmul,2553.0502311885357,200
/matmul,2581.2821984291077,200
/matmul,2556.6214360296726,200
/matmul,2492.6848961040378,200
/matmul,2514.9369137361646,200
/matmul,2470.2917523682117,200
/matmul,2495.276851579547,200
/matmul,2533.182242885232,200
/matmul,2582.2126790881157,200
/matmul,2470.5085176974535,200
/matmul,2495.5120496451855,200
/matmul,2457.8828448429704,200
/matmul,2370.378727093339,200
/matmul,2373.446841724217,200
/matmul,2414.66264706105,200
/matmul,2468.259319663048,200
/matmul,2486.5299444645643,200
/matmul,2478.82307972759,200
/matmul,2487.0941629633307,200
/matmul,2528.689717873931,200
/matmul,2501.071742735803,200
/matmul,2526.554391719401,200
/matmul,2550.1610077917576,200
/matmul,2586.988535709679,200
/matmul,2584.251020103693,200
/matmul,2617.461766116321,200
/matmul,2584.2479011043906,200
/matmul,2526.1445827782154,200
/matmul,2526.0938201099634,200
/matmul,2571.6395964846015,200
/matmul,2520.9706518799067,200
/matmul,2531.244670972228,200
/matmul,2524.14480317384,200
/matmul,2516.7450048029423,200
/matmul,2606.1016526073217,200
/matmul,2688.3240463212132,200
/matmul,2657.6849883422256,200
/matmul,2739.5205525681376,200
/matmul,2783.4960017353296,200
/matmul,2790.204138495028,200
/matmul,2637.992113828659,200
/matmul,2599.6865732595325,200
/matmul,2616.1795519292355,200
/matmul,2619.121669791639,200
/matmul,2568.300075829029,200
/matmul,2542.8248392418027,200
/matmul,2455.6204145774245,200
/matmul,2469.0688205882907,200
/matmul,2506.7859552800655,200
/matmul,2490.3167793527246,200
/matmul,2498.779498040676,200
/matmul,2536.142780445516,200
/matmul,2538.1251936778426,200
/matmul,2556.7504251375794,200
/matmul,2558.8370598852634,200
/matmul,2578.9948543533683,200
/matmul,2443.528729490936,200
/matmul,2536.3907124847174,200
/matmul,2567.858357913792,200
/matmul,2589.696751907468,200
/matmul,2568.2329162955284,200
/matmul,2554.4674415141344,200
/matmul,2559.1979371383786,200
/matmul,2466.35948587209,200
/matmul,2480.9016287326813,200
/matmul,2534.9086150527,200
/matmul,2550.547294318676,200
/matmul,2588.4209675714374,200
/matmul,2485.408553853631,200
/matmul,2464.059680700302,200
/matmul,2474.1946356371045,200
/matmul,2481.962009333074,200
/matmul,2472.0383984968066,200
/matmul,2452.983665280044,200
/matmul,2476.992660202086,200
/matmul,2507.4466625228524,200
/matmul,2499.0324871614575,200
/matmul,2443.710010498762,200
/matmul,2459.808049723506,200
/matmul,2484.48652587831,200
/matmul,2481.6533401608467,200
/matmul,2536.045984365046,200
/matmul,2429.7964507713914,200
/matmul,2527.335583232343,200
/matmul,2559.2251112684608,200
/matmul,2551.150199957192,200
/matmul,2584.4223788008094,200
/matmul,2610.4619847610593,200
/matmul,2648.64644408226,200
/matmul,2635.9774004667997,200
/matmul,2686.50178425014,200
/matmul,2683.3643717691302,200
/matmul,2704.1021659970284,200
/matmul,2702.946566976607,200
/matmul,2712.799670174718,200
/matmul,2735.13341229409,200
/matmul,2764.4639909267426,200
/matmul,2798.1591438874602,200
/matmul,2753.9152400568128,200
/matmul,2752.8754929080606,200
/matmul,2731.2787463888526,200
/matmul,2768.751885741949,200
/matmul,2777.1871658042073,200
/matmul,2829.1527153924108,200
/matmul,2620.8128705620766,200
/matmul,2649.227876216173,200
/matmul,2711.0838470980525,200
/matmul,2733.4721675142646,200
/matmul,2763.664689846337,200
/matmul,2792.484979145229,200
/matmul,2722.534280270338,200
/matmul,2789.2344016581774,200
/matmul,2788.622082211077,200
/matmul,2766.9357201084495,200
/matmul,2800.5637312307954,200
/matmul,2841.5509341284633,200
/matmul,2880.769457668066,200
/matmul,2913.1844881922007,200
/matmul,2942.4577336758375,200
/matmul,2881.369926035404,200
/matmul,2831.7077262327075,200
/matmul,2845.692324452102,200
/matmul,2856.2478106468916,200
/matmul,2765.896593220532,200
/matmul,2780.764689669013,200
/matmul,2832.5417432934046,200
/matmul,2873.036375269294,200
/matmul,2834.069293923676,200
/matmul,2866.6211031377316,200
/matmul,2876.1316295713186,200
/matmul,2912.980399094522,200
/matmul,2913.180101662874,200
/matmul,2821.95245847106,200
/matmul,2827.900459058583,200
