name, response_time, status_code/matmul,488.10768499970436,200
/matmul,481.9792155176401,200
/matmul,487.0996130630374,200
/matmul,494.473522529006,200
/matmul,502.3516695946455,200
/matmul,510.04754938185215,200
/matmul,518.4340821579099,200
/matmul,525.0273337587714,200
/matmul,532.2900172322989,200
/matmul,540.5170982703567,200
/matmul,548.0637736618519,200
/matmul,555.6567693129182,200
/matmul,564.3342770636082,200
/matmul,570.3311925753951,200
/matmul,578.5045679658651,200
/matmul,584.8138239234686,200
/matmul,592.9822623729706,200
/matmul,601.2096088379622,200
/matmul,608.2176864147186,200
/matmul,614.0975533053279,200
/matmul,620.548396371305,200
/matmul,626.6651265323162,200
/matmul,633.9116059243679,200
/matmul,641.3773959502578,200
/matmul,649.4897315278649,200
/matmul,656.5718874335289,200
/matmul,664.3936913460493,200
/matmul,671.7959111556411,200
/matmul,680.0472950562835,200
/matmul,687.4892255291343,200
/matmul,695.9248948842287,200
/matmul,703.5593511536717,200
/matmul,711.4627044647932,200
/matmul,718.8942935317755,200
/matmul,727.4751057848334,200
/matmul,736.0980352386832,200
/matmul,743.6952954158187,200
/matmul,750.6789155304432,200
/matmul,757.1121705695987,200
/matmul,765.0774270296097,200
/matmul,773.4173657372594,200
/matmul,780.0686974078417,200
/matmul,788.7053042650223,200
/matmul,796.9524711370468,200
/matmul,804.889801889658,200
/matmul,810.6853030622005,200
/matmul,818.9429296180606,200
/matmul,824.4216563180089,200
/matmul,831.4426438882947,200
/matmul,839.5697940140963,200
/matmul,847.2930639982224,200
/matmul,480.11819273233414,200
/matmul,483.5303323343396,200
/matmul,498.1727646663785,200
/matmul,505.18738478422165,200
/matmul,513.1375910714269,200
/matmul,520.8239424973726,200
/matmul,527.6558483019471,200
/matmul,535.3992041200399,200
/matmul,541.7956607416272,200
/matmul,547.4523948505521,200
/matmul,553.9355501532555,200
/matmul,560.7610754668713,200
/matmul,569.4393552839756,200
/matmul,576.9978491589427,200
/matmul,584.4855587929487,200
/matmul,590.6906323507428,200
/matmul,599.5356580242515,200
/matmul,606.9089658558369,200
/matmul,614.5428456366062,200
/matmul,622.1209773793817,200
/matmul,626.9681518897414,200
/matmul,631.7671053111553,200
/matmul,639.3101084977388,200
/matmul,646.2470293045044,200
/matmul,652.5465147569776,200
/matmul,660.5048011988401,200
/matmul,667.0709336176515,200
/matmul,674.4285458698869,200
/matmul,682.7820418402553,200
/matmul,687.3829094693065,200
/matmul,694.1613657400012,200
/matmul,700.9166181087494,200
/matmul,710.1181875914335,200
/matmul,717.1999309211969,200
/matmul,725.7002759724855,200
/matmul,733.9422069489956,200
/matmul,741.0114230588078,200
/matmul,750.889697112143,200
/matmul,756.8181501701474,200
/matmul,764.9215226992965,200
/matmul,771.8540150672197,200
/matmul,778.5053504630923,200
/matmul,787.1444094926119,200
/matmul,792.4871779978275,200
/matmul,799.4502149522305,200
/matmul,805.3333545103669,200
/matmul,811.7362465709448,200
/matmul,818.2727498933673,200
/matmul,824.2838503792882,200
/matmul,831.4971439540386,200
/matmul,247.6370008662343,200
/matmul,247.50156048685312,200
/matmul,255.07085025310516,200
/matmul,206.38130325824022,200
/matmul,151.7832102254033,200
/matmul,145.7303762435913,200
/matmul,346.92232217639685,200
/matmul,152.69763302057981,200
/matmul,23.77504575997591,200
/matmul,213.10439240187407,200
/matmul,440.3860718011856,200
/matmul,465.8013954758644,200
/matmul,471.47840168327093,200
/matmul,479.00248412042856,200
/matmul,486.98854073882103,200
/matmul,501.4944365248084,200
/matmul,508.58878530561924,200
/matmul,522.0525786280632,200
/matmul,527.7781262993813,200
/matmul,536.3446986302733,200
/matmul,541.4306716993451,200
/matmul,548.6980751156807,200
/matmul,555.4924225434661,200
/matmul,562.1307324618101,200
/matmul,570.528949610889,200
/matmul,584.1922862455249,200
/matmul,589.3502635881305,200
/matmul,605.7132966816425,200
/matmul,610.6368787586689,200
/matmul,624.6056500822306,200
/matmul,631.5943310037255,200
/matmul,637.7824647352099,200
/matmul,644.7070557624102,200
/matmul,650.8679445832968,200
/matmul,656.9967027753592,200
/matmul,666.0208236426115,200
/matmul,672.7048838511109,200
/matmul,680.4784005507827,200
/matmul,688.4954748675227,200
/matmul,696.9423415139318,200
/matmul,704.2502025142312,200
/matmul,712.4304873868823,200
/matmul,739.8096285760403,200
/matmul,745.9757663309574,200
/matmul,761.4737460389733,200
/matmul,769.3322217091918,200
/matmul,775.548386387527,200
/matmul,784.4504481181502,200
/matmul,790.6915284693241,200
/matmul,796.8305610120296,200
/matmul,804.7696268185973,200
/matmul,813.9923345297575,200
/matmul,821.9584608450532,200
/matmul,831.4208379015326,200
/matmul,856.0931393876672,200
/matmul,863.7621151283383,200
/matmul,896.5432969853282,200
/matmul,903.119663707912,200
/matmul,860.8852429315448,200
/matmul,854.8901313915849,200
/matmul,858.1378702074289,200
/matmul,872.5047120824456,200
/matmul,1054.1459433734417,200
/matmul,823.0024073272943,200
/matmul,834.3821140006185,200
/matmul,853.9644870907068,200
/matmul,832.4054405093193,200
/matmul,834.4173906370997,200
/matmul,835.7811309397221,200
/matmul,878.3835843205452,200
/matmul,858.0328738316894,200
/matmul,841.4341285824776,200
/matmul,831.10686019063,200
/matmul,846.9180501997471,200
/matmul,836.7640459910035,200
/matmul,838.656879030168,200
/matmul,817.6965145394206,200
/matmul,811.0611764714122,200
/matmul,1197.333230637014,200
/matmul,1202.238766476512,200
/matmul,1203.5734038800001,200
/matmul,1198.2213919982314,200
/matmul,1201.7247369512916,200
/matmul,1202.67765969038,200
/matmul,1221.183274872601,200
/matmul,1209.5439992845058,200
/matmul,1214.0672039240599,200
/matmul,1220.8415949717164,200
/matmul,1197.4767176434398,200
/matmul,1184.9980717524886,200
/matmul,1187.3730970546603,200
/matmul,1209.7837897017598,200
/matmul,1218.2967802509665,200
/matmul,1228.9746832102537,200
/matmul,1235.0612999871373,200
/matmul,1223.5556626692414,200
/matmul,1228.6638095974922,200
/matmul,1238.7897036969662,200
/matmul,1236.2527586519718,200
/matmul,1262.8933973610401,200
/matmul,1273.1070518493652,200
/matmul,1281.1914151534438,200
/matmul,1277.6504009962082,200
/matmul,1269.7146479040384,200
/matmul,1275.632493197918,200
/matmul,1282.6318694278598,200
/matmul,1249.231169000268,200
/matmul,1251.9459715113044,200
/matmul,1289.0158845111728,200
/matmul,1304.8995770514011,200
/matmul,1311.4188285544515,200
/matmul,1318.668007850647,200
/matmul,1324.3952812626958,200
/matmul,1332.4407562613487,200
/matmul,1339.746778830886,200
/matmul,1348.611880093813,200
/matmul,1365.6321056187153,200
/matmul,1374.1751657798886,200
/matmul,1381.227694451809,200
/matmul,1389.9078220129013,200
/matmul,1397.3023612052202,200
/matmul,1405.0363674759865,200
/matmul,1422.3790802061558,200
/matmul,1430.1583878695965,200
/matmul,1448.127561248839,200
/matmul,1456.4541960135102,200
/matmul,1465.3026042506099,200
/matmul,1481.3934294506907,200
/matmul,1490.4573168605566,200
/matmul,1506.877401843667,200
/matmul,1519.7388576343656,200
/matmul,1534.0643897652626,200
/matmul,1549.1405008360744,200
/matmul,1568.307626992464,200
/matmul,1585.1208725944161,200
/matmul,1591.7126750573516,200
/matmul,1608.627968467772,200
/matmul,1616.8400794267654,200
/matmul,1625.0185575336218,200
/matmul,1640.5693162232637,200
/matmul,1676.4999255537987,200
/matmul,1683.1447007134557,200
/matmul,1696.157556027174,200
/matmul,1702.7659509330988,200
/matmul,1747.3956579342484,200
/matmul,1763.884350657463,200
/matmul,1771.5564090758562,200
/matmul,1805.3492801263928,200
/matmul,1814.2399974167347,200
/matmul,1821.3772997260094,200
/matmul,1838.3424244821072,200
/matmul,1856.3851304352283,200
/matmul,1865.3354672715068,200
/matmul,1871.5442614629865,200
/matmul,1889.9615462869406,200
/matmul,1908.0464774742723,200
/matmul,1924.1856504231691,200
/matmul,1949.6889095753431,200
/matmul,1929.6576511114836,200
/matmul,1972.1502838656306,200
/matmul,1981.7767478525639,200
/matmul,2015.7220279797912,200
/matmul,2046.8929642811418,200
/matmul,2052.813014946878,200
/matmul,2071.124693378806,200
/matmul,2095.17736826092,200
/matmul,2092.6074432209134,200
/matmul,2083.67120847106,200
/matmul,2089.301887899637,200
/matmul,2282.685251906514,200
/matmul,2511.1901937052608,200
/matmul,2495.785622857511,200
/matmul,2538.122868165374,200
/matmul,2553.292740136385,200
/matmul,2552.779602818191,200
/matmul,2573.7602775916457,200
/matmul,2585.185985080898,200
/matmul,2546.0717007517815,200
/matmul,2571.5084336698055,200
/matmul,2560.3361539542675,200
/matmul,2555.433716624975,200
/matmul,2542.895353399217,200
/matmul,2563.62247094512,200
/matmul,2565.211556851864,200
/matmul,2582.75315631181,200
/matmul,2581.611671485007,200
/matmul,2598.7537698820233,200
/matmul,2606.301008723676,200
/matmul,2620.257175527513,200
/matmul,2647.791243158281,200
/matmul,2674.694369547069,200
/matmul,2691.7560165748,200
/matmul,2732.000154443085,200
/matmul,2753.577941097319,200
/matmul,2772.2937669605017,200
/matmul,2814.9326695129275,200
/matmul,2837.829385884106,200
/matmul,2851.220333017409,200
/matmul,2898.800717666745,200
/matmul,2905.68376891315,200
/matmul,2914.63341191411,200
/matmul,2924.4728265330195,200
/matmul,2929.0443900972605,200
/matmul,2976.8722150474787,200
/matmul,2977.714910171926,200
/matmul,2989.9788731709123,200
/matmul,3011.455301195383,200
/matmul,3020.112358033657,200
/matmul,3025.58031398803,200
/matmul,3054.3784461915493,200
/matmul,3057.214129716158,200
/matmul,3105.2890038117766,200
/matmul,3111.622796393931,200
/matmul,3129.2389277368784,200
/matmul,3147.7926075458527,200
/matmul,3339.6590733900666,200
/matmul,3559.723760932684,200
/matmul,3587.515593506396,200
/matmul,3606.0549803078175,200
/matmul,3605.4401071742177,200
/matmul,3616.8479761108756,200
/matmul,3644.7259578853846,200
/matmul,3638.212834484875,200
/matmul,3670.932821929455,200
/matmul,3693.8821570947766,200
/matmul,3665.3600400313735,200
/matmul,3691.4612725377083,200
/matmul,3695.9648625925183,200
/matmul,3680.5158453062177,200
/matmul,3744.97876688838,200
/matmul,3759.2785637825727,200
/matmul,3776.345425285399,200
/matmul,3788.1148643791676,200
/matmul,3792.8616078570485,200
/matmul,3806.3616221770644,200
/matmul,3823.0285961180925,200
/matmul,3782.8620029613376,200
/matmul,3795.8820685744286,200
/matmul,3790.8252887427807,200
/matmul,3823.4671484678984,200
/matmul,3829.392231069505,200
/matmul,3837.0776269584894,200
/matmul,3848.5572412610054,200
/matmul,3866.0179935395718,200
/matmul,3896.173330023885,200
/matmul,3892.9826514795423,200
/matmul,3927.804559469223,200
/matmul,3937.783068045974,200
/matmul,3959.1501504182816,200
/matmul,3959.346647374332,200
/matmul,3978.350579738617,200
/matmul,3997.7412736043334,200
/matmul,3986.4847008138895,200
/matmul,4030.9936236590147,200
/matmul,4088.1757009774446,200
/matmul,4093.2666109874845,200
/matmul,4083.3839317783713,200
/matmul,4096.269669011235,200
/matmul,4126.3095159083605,200
/matmul,4143.912780098617,200
/matmul,4177.889564074576,200
/matmul,4185.152891092002,200
/matmul,4227.634944953024,200
/matmul,4232.343398034573,200
/matmul,4213.85926194489,200
/matmul,4231.854017823935,200
/matmul,4293.855484575033,200
/matmul,4291.7325384914875,200
/matmul,4302.731664851308,200
/matmul,4323.74800182879,200
/matmul,4351.388324983418,200
/matmul,4436.6709822788835,200
/matmul,4454.521290957928,200
/matmul,4533.071080222726,200
/matmul,4574.923031963408,200
/matmul,4603.449952788651,200
/matmul,4599.359702318907,200
/matmul,4649.995603598654,200
/matmul,4658.447593450546,200
/matmul,4658.44476595521,200
/matmul,4670.819543302059,200
/matmul,4692.719722166657,200
/matmul,4684.363782405853,200
/matmul,4761.140282265842,200
/matmul,4759.164467453957,200
/matmul,4751.832051202655,200
/matmul,4821.077553555369,200
/matmul,4800.638036802411,200
/matmul,4816.812600009143,200
/matmul,4820.061881095171,200
/matmul,4877.9146717861295,200
/matmul,4907.9893520101905,200
/matmul,4931.938999332488,200
/matmul,4939.4811894744635,200
/matmul,4926.787739619613,200
/matmul,4939.74450416863,200
/matmul,4946.07859570533,200
/matmul,4955.753827467561,200
/matmul,4960.470552556217,200
/matmul,4994.140646420419,200
/matmul,5010.9266601502895,200
/matmul,5014.6735506132245,200
/matmul,5044.294871389866,200
/matmul,5077.268250286579,200
/matmul,5086.554573848844,200
/matmul,5085.539407096803,200
/matmul,5132.702307775617,200
/matmul,5147.872386500239,200
/matmul,5136.845192871988,200
/matmul,5136.560306884348,200
/matmul,5166.622736491263,200
/matmul,5178.887936286628,200
/matmul,5170.108557678759,200
/matmul,5188.948163762689,200
/matmul,5194.500296376646,200
/matmul,5195.789033547044,200
/matmul,5251.076748594642,200
/matmul,5252.416065894067,200
/matmul,5305.773017928004,200
/matmul,5299.277604557574,200
/matmul,5337.7373376861215,200
/matmul,5354.109305888414,200
/matmul,5362.494675442576,200
/matmul,5404.92728818208,200
/matmul,5405.479585751891,200
/matmul,5401.204755529761,200
/matmul,5417.255636304617,200
/matmul,5482.5788997113705,200
/matmul,5480.798036791384,200
/matmul,5489.736364223063,200
/matmul,5516.826577484608,200
/matmul,5519.223694689572,200
/matmul,5522.7995635941625,200
/matmul,5526.555335149169,200
/matmul,5542.17944573611,200
/matmul,5550.9556867182255,200
/matmul,5548.877530731261,200
/matmul,5542.009677737951,200
/matmul,5546.38097435236,200
/matmul,5571.9651551917195,200
/matmul,5587.458753027022,200
/matmul,5596.2898610159755,200
/matmul,5598.165791481733,200
/matmul,5595.602311193943,200
/matmul,5664.53929618001,200
/matmul,5702.563577331603,200
/matmul,5705.792407505214,200
/matmul,5703.119812533259,200
/matmul,5776.712426915765,200
/matmul,5743.359641171992,200
/matmul,5731.48394189775,200
/matmul,5732.284042052925,200
/matmul,5811.23286858201,200
/matmul,5800.624784082174,200
/matmul,5835.961858741939,200
/matmul,5859.389916993678,200
/matmul,5965.885669924319,200
/matmul,5957.573076710105,200
/matmul,5977.466764859855,200
/matmul,5984.588076360524,200
/matmul,6026.100801303983,200
/matmul,6029.753676615655,200
/matmul,6047.863976098597,200
/matmul,6082.836481742561,200
/matmul,6090.795673429966,200
/matmul,6181.4750377088785,200
/matmul,6238.791677169502,200
/matmul,6245.868885889649,200
/matmul,6255.014811642468,200
/matmul,6250.363857485354,200
/matmul,6316.814082674682,200
/matmul,6306.962264701724,200
/matmul,8349.522732198238,200
/matmul,6668.128105811775,200
/matmul,6667.129290290177,200
/matmul,6586.88896894455,200
/matmul,6614.385444670916,200
/matmul,6583.731149323285,200
/matmul,6610.873374156654,200
/matmul,6607.792019844055,200
/matmul,6616.984940133989,200
/matmul,6634.261310100555,200
/matmul,6660.240553319454,200
/matmul,6623.155540786684,200
/matmul,6637.696620076895,200
/matmul,6666.8572053313255,200
/matmul,6675.787994638085,200
/matmul,6699.727950617671,200
/matmul,6720.218829810619,200
/matmul,6757.052701897919,200
/matmul,6772.180592641234,200
/matmul,6851.78847424686,200
/matmul,6857.3097959160805,200
/matmul,6886.729379184544,200
/matmul,6928.642493672669,200
/matmul,6964.92606215179,200
/matmul,7044.38729211688,200
/matmul,7081.297834403813,200
/matmul,7157.312591560185,200
/matmul,7222.015647217631,200
/matmul,7268.509761430323,200
/matmul,7290.86709395051,200
/matmul,7351.915560662746,200
/matmul,7351.958339102566,200
/matmul,7358.026211149991,200
/matmul,7384.447078220546,200
/matmul,7398.15058093518,200
/matmul,7412.959300912917,200
/matmul,7418.068885803223,200
/matmul,7441.9375620782375,200
/matmul,7455.72536252439,200
/matmul,7566.130430437624,200
/matmul,7545.461154542863,200
/matmul,7552.576502785087,200
/matmul,7547.126652672887,200
/matmul,7536.139391362667,200
/matmul,7549.2545226588845,200
/matmul,7529.124993830919,200
/matmul,7548.947042785585,200
/matmul,7555.086293257773,200
/matmul,7588.841794990003,200
/matmul,7545.742488466203,200
/matmul,7535.525110550225,200
/matmul,7527.94152777642,200
/matmul,7536.602645181119,200
/matmul,7534.371441230178,200
/matmul,7562.882298603654,200
/matmul,7557.759392075241,200
/matmul,7579.5540465041995,200
/matmul,7565.196089446545,200
/matmul,7655.31831048429,200
/matmul,7689.932365901768,200
/matmul,7698.160394094884,200
/matmul,7723.277539014816,200
/matmul,7721.108994446695,200
/matmul,7765.214383602142,200
/matmul,7787.220856174827,200
/matmul,7866.644500754774,200
/matmul,7883.519481867552,200
/matmul,7937.876431271434,200
/matmul,7943.125888705254,200
/matmul,7948.424560949206,200
/matmul,7952.987274155021,200
/matmul,7976.398693397641,200
/matmul,8011.78955566138,200
/matmul,8020.117959007621,200
/matmul,8006.9864615798,200
/matmul,8012.329916469753,200
/matmul,8014.064921066165,200
/matmul,8064.267767593265,200
/matmul,8077.307749539614,200
/matmul,8075.01766923815,200
/matmul,8146.155149675906,200
/matmul,8194.18909959495,200
/matmul,8365.240817889571,200
/matmul,8361.111770384014,200
/matmul,8358.684093691409,200
/matmul,8345.138319768012,200
/matmul,8361.76763381809,200
/matmul,8429.522798396647,200
/matmul,8448.22727702558,200
/matmul,8456.66728913784,200
/matmul,8465.08538722992,200
/matmul,8471.060700714588,200
/matmul,8569.337682798505,200
/matmul,8559.291682206094,200
/matmul,11694.300383329391,200
/matmul,8647.663531824946,200
/matmul,8739.5406877622,200
/matmul,8768.570339307189,200
/matmul,8752.450213767588,200
/matmul,8819.678982719779,200
/matmul,8843.824143521488,200
/matmul,8839.897969737649,200
/matmul,8844.417314976454,200
/matmul,8785.170783288777,200
/matmul,8835.557918064296,200
/matmul,8839.775824919343,200
/matmul,8864.918122068048,200
/matmul,8953.747510910034,200
/matmul,8920.929528772831,200
/matmul,8913.649980910122,200
/matmul,8940.979959443212,200
/matmul,9039.442506618798,200
/matmul,9026.717872358859,200
/matmul,9047.640157863498,200
/matmul,9059.846983291209,200
/matmul,9132.75373633951,200
/matmul,9123.04868735373,200
/matmul,9159.471132792532,200
/matmul,9161.798604764044,200
/matmul,9170.122483745217,200
/matmul,9195.478238165379,200
/matmul,9195.286121219397,200
/matmul,9223.500177264214,200
/matmul,9220.603437162936,200
/matmul,9277.732233516872,200
/matmul,9333.33146572113,200
/matmul,9338.029256090522,200
/matmul,9328.75356450677,200
/matmul,9327.710936777294,200
/matmul,9332.341241650283,200
/matmul,9331.780159845948,200
/matmul,9336.52782253921,200
/matmul,9398.108318448067,200
/matmul,9380.290741100907,200
/matmul,9381.690152920783,200
/matmul,9418.706124648452,200
/matmul,9404.517263174057,200
/matmul,9404.616213403642,200
/matmul,9406.13316744566,200
/matmul,9401.021563448012,200
/matmul,9402.166024781764,200
/matmul,9407.07289148122,200
/matmul,9405.574950389564,200
/matmul,9409.201754257083,200
/matmul,9437.839675694704,200
/matmul,9494.040410034359,200
/matmul,9504.105092026293,200
/matmul,9491.879428736866,200
/matmul,9492.389589548111,200
/matmul,9490.660185925663,200
/matmul,9495.23383192718,200
/matmul,9785.165049135685,200
/matmul,9791.630479507148,200
/matmul,9849.674952216446,200
/matmul,9896.286140196025,200
/matmul,9926.06075387448,200
/matmul,9940.230996347964,200
/matmul,9942.503557540476,200
/matmul,9947.957239113748,200
/matmul,9958.2331283018,200
/matmul,9959.885342977941,200
/matmul,9964.311180636287,200
/matmul,9992.632180452347,200
/matmul,9973.910589702427,200
/matmul,10029.904643073678,200
/matmul,10026.67726110667,200
/matmul,10035.370309837162,200
/matmul,10037.678107619286,200
/matmul,10047.424941323698,200
/matmul,10052.674435079098,200
/matmul,10192.445925436914,200
/matmul,10222.962582483888,200
/matmul,10325.67701395601,200
/matmul,10329.354241490364,200
/matmul,10336.435888893902,200
/matmul,10290.358571335673,200
/matmul,10290.284682065248,200
/matmul,10355.871748179197,200
/matmul,10356.295835226774,200
/matmul,10350.907202810049,200
/matmul,10374.072057195008,200
/matmul,10393.67294497788,200
/matmul,10445.578655228019,200
/matmul,10519.637055695057,200
/matmul,10665.414467453957,200
/matmul,10643.448622897267,200
/matmul,10663.161259144545,200
/matmul,10714.08384013921,200
/matmul,10724.683008156717,200
/matmul,10783.383377827704,200
/matmul,10789.152840152383,200
/matmul,10799.920434132218,200
/matmul,10902.129106223583,200
/matmul,10907.241160050035,200
/matmul,10917.305564507842,200
/matmul,10918.088637292385,200
/matmul,10904.389684088528,200
/matmul,10912.749974988401,200
/matmul,11003.347309306264,200
/matmul,11005.780935287476,200
/matmul,11008.902721107006,200
/matmul,11084.316557273269,200
/matmul,11111.815000884235,200
/matmul,11115.761328488588,200
/matmul,11122.798812575638,200
/matmul,11067.76122469455,200
/matmul,11064.760192297399,200
/matmul,11091.083782725036,200
/matmul,11204.388323239982,200
/matmul,11175.362675450742,200
/matmul,11201.23386848718,200
/matmul,11195.866856724024,200
/matmul,11288.894169963896,200
/matmul,11278.236789628863,200
/matmul,11346.766348928213,200
/matmul,11329.230389557779,200
/matmul,11329.206299968064,200
/matmul,11368.032705970109,200
/matmul,11382.683414034545,200
/matmul,11437.435395084321,200
/matmul,11477.082914672792,200
/matmul,11520.690624602139,200
/matmul,11585.797486826777,200
/matmul,11592.46729966253,200
/matmul,11574.258612468839,200
/matmul,11638.411943800747,200
/matmul,11644.310189411044,200
/matmul,11723.587573505938,200
/matmul,11695.387243293226,200
/matmul,11741.250183433294,200
/matmul,11729.113527573645,200
/matmul,11736.668834462762,200
/matmul,11761.357272043824,200
/matmul,11746.454891748726,200
/matmul,11727.173605933785,200
/matmul,11810.741124674678,200
/matmul,11808.622213080525,200
/matmul,11782.654619775712,200
/matmul,11788.694936782122,200
/matmul,11859.77114085108,200
/matmul,11877.901219762862,200
/matmul,11887.19086907804,200
/matmul,11872.116090729833,200
/matmul,11899.664054624736,200
/matmul,11916.468095965683,200
/matmul,11885.014867410064,200
/matmul,11881.433217786252,200
/matmul,11909.386260434985,200
/matmul,11900.983820669353,200
/matmul,11903.977165929973,200
/matmul,11897.605450823903,200
/matmul,11884.990657679737,200
/matmul,11911.755210720003,200
/matmul,11917.734369635582,200
/matmul,11935.682990588248,200
/matmul,11928.373626433313,200
/matmul,11956.30377996713,200
/matmul,11964.772349223495,200
/matmul,11982.111828401685,200
/matmul,11967.583612538874,200
/matmul,11960.640737786889,200
/matmul,11964.213729836047,200
/matmul,11984.404865652323,200
/matmul,11955.451770685613,200
/matmul,11954.17199935764,200
/matmul,11996.299123391509,200
/matmul,12030.409187078476,200
/matmul,12033.424595370889,200
/matmul,12118.780634365976,200
/matmul,12146.121764555573,200
/matmul,12133.825776167214,200
/matmul,12127.157893031836,200
/matmul,12108.768748119473,200
/matmul,12110.251602716744,200
/matmul,12170.877887867391,200
/matmul,12178.265136666596,200
/matmul,12217.447835952044,200
/matmul,12198.282406665385,200
/matmul,12240.28586782515,200
/matmul,12247.179700993001,200
/matmul,12232.22072981298,200
/matmul,12304.627636447549,200
/matmul,12340.139747597277,200
/matmul,12315.55312499404,200
/matmul,12320.11330127716,200
/matmul,12303.946901112795,200
/matmul,12311.56978663057,200
/matmul,12332.646382972598,200
/matmul,12298.25721308589,200
/matmul,12290.009281598032,200
/matmul,12245.5565771088,200
/matmul,12249.091546051204,200
/matmul,12240.609505213797,200
/matmul,12225.435869768262,200
/matmul,12179.769515991211,200
/matmul,12194.738474674523,200
/matmul,12277.903182432055,200
/matmul,12285.707201808691,200
/matmul,12217.933258973062,200
/matmul,12229.890492744744,200
/matmul,12244.876910932362,200
/matmul,12285.08654795587,200
/matmul,12295.371662825346,200
/matmul,12249.981355853379,200
/matmul,12263.901288621128,200
/matmul,12330.785818397999,200
/matmul,12329.536178149283,200
/matmul,12293.957610614598,200
/matmul,12312.475432641804,200
/matmul,12282.55373891443,200
/matmul,12255.9345215559,200
/matmul,12239.690575748682,200
/matmul,12216.62169881165,200
/matmul,12167.736233212054,200
/matmul,12045.200129039586,200
/matmul,12021.984677761793,200
/matmul,12025.615950115025,200
/matmul,12009.133640676737,200
/matmul,11934.855193831027,200
/matmul,11959.538521245122,200
/matmul,12013.227201066911,200
/matmul,11976.106661371887,200
/matmul,12007.365460507572,200
/matmul,12004.519156180322,200
/matmul,12013.686509802938,200
/matmul,12020.650835707784,200
/matmul,12027.326539158821,200
/matmul,12022.594734095037,200
/matmul,12016.357092186809,200
/matmul,12000.350734218955,200
/matmul,11988.587082363665,200
/matmul,11972.602494060993,200
/matmul,11951.996052637696,200
/matmul,11953.582035377622,200
/matmul,11951.682796701789,200
/matmul,11919.4710040465,200
/matmul,11932.84185603261,200
/matmul,11891.580265946686,200
/matmul,11884.204362519085,200
/matmul,11882.159024477005,200
/matmul,11843.552992679179,200
/matmul,11824.153350666165,200
/matmul,11829.320207238197,200
/matmul,11784.819973632693,200
/matmul,11764.296690933406,200
/matmul,11811.26846279949,200
/matmul,11791.222775354981,200
/matmul,11807.55633302033,200
/matmul,11788.275604136288,200
/matmul,11768.462817184627,200
/matmul,11747.422066517174,200
/matmul,11759.846854954958,200
/matmul,11708.117008209229,200
/matmul,11693.144484423101,200
/matmul,11698.043212294579,200
/matmul,11686.768785119057,200
/matmul,11675.539426505566,200
/matmul,11695.858975872397,200
/matmul,11685.584825463593,200
/matmul,11664.610510692,200
/matmul,11591.353378258646,200
/matmul,11594.159293919802,200
/matmul,11599.555526860058,200
/matmul,11604.00365665555,200
/matmul,11599.863701499999,200
/matmul,11621.055098250508,200
/matmul,11605.242358520627,200
/matmul,11652.657495811582,200
/matmul,11680.14302290976,200
/matmul,11696.055056527257,200
/matmul,11690.446550026536,200
/matmul,11691.724319010973,200
/matmul,11721.841789782047,200
/matmul,11738.527866080403,200
/matmul,11670.944116078317,200
/matmul,11680.666544474661,200
/matmul,11684.789510443807,200
/matmul,11696.619983762503,200
/matmul,11672.54735995084,200
/matmul,11617.975938133895,200
/matmul,11633.283450268209,200
/matmul,11653.448696248233,200
/matmul,11617.171965539455,200
/matmul,11576.643098145723,200
/matmul,11527.943665161729,200
/matmul,11484.719956293702,200
/matmul,11477.369029074907,200
/matmul,11489.023240283132,200
/matmul,11488.620210438967,200
/matmul,11445.428374223411,200
/matmul,11318.594058975577,200
/matmul,11262.720432132483,200
/matmul,11254.641745239496,200
/matmul,11202.579125761986,200
/matmul,11192.817415110767,200
/matmul,11160.626550205052,200
/matmul,11115.485838614404,200
/matmul,11168.365439400077,200
/matmul,10999.856932088733,200
/matmul,10912.010066211224,200
/matmul,10914.397251792252,200
/matmul,10910.590728744864,200
/matmul,10927.566247060895,200
/matmul,10938.841450028121,200
/matmul,10919.910591095686,200
/matmul,10888.174949213862,200
/matmul,10847.658012993634,200
/matmul,10867.205775342882,200
/matmul,10865.098814480007,200
/matmul,10767.409700900316,200
/matmul,10749.006850644946,200
/matmul,10752.022109925747,200
/matmul,10748.048417270184,200
/matmul,10672.464806586504,200
/matmul,10687.078565359116,200
/matmul,10643.591918982565,200
/matmul,10649.153710342944,200
/matmul,10644.33676470071,200
/matmul,10566.941305063665,200
/matmul,10581.022997386754,200
/matmul,10551.900900900364,200
/matmul,10544.032013043761,200
/matmul,10540.575108490884,200
/matmul,10478.155250661075,200
/matmul,10445.688035339117,200
/matmul,10431.842411868274,200
/matmul,10361.083888448775,200
/matmul,10333.474919199944,200
/matmul,10309.626548551023,200
/matmul,10265.659376047552,200
/matmul,10214.296680875123,200
/matmul,10131.678765639663,200
/matmul,10135.570258833468,200
/matmul,10152.658319100738,200
/matmul,10137.640504166484,200
/matmul,10127.216239459813,200
/matmul,10114.935752935708,200
/matmul,10112.069289200008,200
/matmul,9963.624300435185,200
/matmul,9973.159139044583,200
/matmul,9971.551579423249,200
/matmul,9877.811924554408,200
/matmul,9881.897334940732,200
/matmul,9826.060205698013,200
/matmul,9830.984604544938,200
/matmul,9831.277864985168,200
/matmul,9829.152046702802,200
/matmul,9794.53197401017,200
/matmul,9794.280183501542,200
/matmul,9723.303321748972,200
/matmul,9706.188406795263,200
/matmul,9683.57233516872,200
/matmul,9764.42687958479,200
/matmul,9717.358585447073,200
/matmul,9683.17994195968,200
/matmul,9626.75566971302,200
/matmul,9560.040627606213,200
/matmul,9541.863061487675,200
/matmul,9526.436174288392,200
/matmul,9520.618138834834,200
/matmul,9540.319500491023,200
/matmul,9355.42265418917,200
/matmul,9345.680693164468,200
/matmul,9310.733770020306,200
/matmul,9280.6411748752,200
/matmul,9224.791415035725,200
/matmul,9182.078554295003,200
/matmul,9162.751032970846,200
/matmul,9114.844520576298,200
/matmul,9115.02451915294,200
/matmul,8999.645846895874,200
/matmul,8926.973847672343,200
/matmul,8943.082178011537,200
/matmul,8924.927413463593,200
/matmul,8910.516154952347,200
/matmul,8712.727885693312,200
/matmul,8692.822800949216,200
/matmul,8703.61837837845,200
/matmul,8675.523986108601,200
/matmul,8657.084420323372,200
/matmul,8654.811505228281,200
/matmul,8530.979439616203,200
/matmul,8534.854002296925,200
/matmul,8502.553560771048,200
/matmul,8476.2016357854,200
/matmul,8414.543229155242,200
/matmul,8352.697355672717,200
/matmul,8212.731349281967,200
/matmul,8212.020714767277,200
/matmul,8210.882973857224,200
/matmul,8218.6936782673,200
/matmul,8186.814575456083,200
/matmul,8192.29966122657,200
/matmul,8079.053602181375,200
/matmul,7997.78566788882,200
/matmul,7948.031073436141,200
/matmul,7671.996470540762,200
/matmul,7663.153610192239,200
/matmul,7631.0307495296,200
/matmul,7574.446432292461,200
/matmul,7564.567459747195,200
/matmul,7542.479610070586,200
/matmul,7537.733973003924,200
/matmul,7489.8906806483865,200
/matmul,7456.380620598793,200
/matmul,7317.9308623075485,200
/matmul,7335.237410850823,200
/matmul,7355.012520216405,200
/matmul,7330.692858435214,200
/matmul,7267.078165896237,200
/matmul,7269.072235561907,200
/matmul,7268.637176603079,200
/matmul,7259.495038539171,200
/matmul,7248.759574256837,200
/matmul,7228.610049933195,200
/matmul,7209.311398677528,200
/matmul,7199.3590369820595,200
/matmul,7233.6999624967575,200
/matmul,7136.829135939479,200
/matmul,7121.510817669332,200
/matmul,7133.881651796401,200
/matmul,7135.7356160879135,200
/matmul,7110.489631071687,200
/matmul,7113.140714354813,200
/matmul,7097.959131933749,200
/matmul,7052.59570106864,200
/matmul,6996.33901938796,200
/matmul,6994.180507026613,200
/matmul,6977.038685232401,200
/matmul,6986.4739729091525,200
/matmul,6966.645575128496,200
/matmul,6950.798870064318,200
/matmul,6867.060161195695,200
/matmul,6835.116121917963,200
/matmul,6799.782423302531,200
/matmul,6793.397995643318,200
/matmul,6802.648313343525,200
/matmul,6792.025883682072,200
/matmul,6808.574130758643,200
/matmul,6798.9530665799975,200
/matmul,6763.53570073843,200
/matmul,6733.701949007809,200
/matmul,6700.071786530316,200
/matmul,6701.832907274365,200
/matmul,6695.092040114105,200
/matmul,6696.519972756505,200
/matmul,6672.0215659588575,200
/matmul,6654.494281858206,200
/matmul,6644.499786198139,200
/matmul,6631.372409872711,200
/matmul,6625.3938768059015,200
/matmul,6618.4328915551305,200
/matmul,6605.533817782998,200
/matmul,6535.826954990625,200
/matmul,6538.70337549597,200
/matmul,6521.530718542635,200
/matmul,6522.529008798301,200
/matmul,6514.68491833657,200
/matmul,6513.384893536568,200
/matmul,6514.746995642781,200
/matmul,6516.385688446462,200
/matmul,6423.905672505498,200
/matmul,6408.502068370581,200
/matmul,6395.1852563768625,200
/matmul,6357.098015025258,200
/matmul,6341.164330020547,200
/matmul,6313.275665044785,200
/matmul,6260.619969107211,200
/matmul,6227.545544505119,200
/matmul,6182.565567083657,200
/matmul,6172.271764837205,200
/matmul,6174.645938910544,200
/matmul,6156.647362746298,200
/matmul,6137.81419582665,200
/matmul,6025.263444520533,200
/matmul,6032.390099018812,200
/matmul,6030.573045834899,200
/matmul,6033.123233355582,200
/matmul,5991.452612914145,200
/matmul,5837.049178779125,200
/matmul,5693.0172787979245,200
/matmul,5708.980103954673,200
/matmul,5588.618318550289,200
/matmul,5562.480666674674,200
/matmul,5538.3983021602035,200
/matmul,5529.726327396929,200
/matmul,5515.3021067380905,200
/matmul,5491.5044996887445,200
/matmul,5490.481778047979,200
/matmul,5489.869948476553,200
/matmul,5442.7981823682785,200
/matmul,5278.3744763582945,200
/matmul,5204.337723553181,200
/matmul,5177.78604477644,200
/matmul,5194.857015274465,200
/matmul,5198.403870686889,200
/matmul,5142.864826135337,200
/matmul,5130.0513399764895,200
/matmul,5114.78787381202,200
/matmul,5107.466428540647,200
/matmul,5115.839924663305,200
/matmul,5080.36457374692,200
/matmul,5001.4426074922085,200
/matmul,5002.374533563852,200
/matmul,4977.527263574302,200
/matmul,7.463532499969006,200
/matmul,4982.077818363905,200
/matmul,4979.663109406829,200
/matmul,6.892906501889229,200
/matmul,5.954748019576073,200
/matmul,4.73672803491354,200
/matmul,4811.621372587979,200
/matmul,4805.306231603026,200
/matmul,4805.380187928677,200
/matmul,4757.9019367694855,200
/matmul,4737.301672808826,200
/matmul,4739.768394269049,200
/matmul,4709.137374535203,200
/matmul,4681.446771137416,200
/matmul,4670.76341342181,200
/matmul,4676.289769820869,200
/matmul,4606.619715690613,200
/matmul,4550.9378323331475,200
/matmul,4501.6294764354825,200
/matmul,4495.3967072069645,200
/matmul,4500.362569466233,200
/matmul,6.6881319507956505,200
/matmul,4514.114906080067,200
/matmul,8.374957367777824,200
/matmul,4476.601221598685,200
/matmul,4475.7874282076955,200
/matmul,4459.965823218226,200
/matmul,4440.429915674031,200
/matmul,4420.673633925617,200
/matmul,4374.0587644279,200
/matmul,5.024752579629421,200
/matmul,4268.08546949178,200
/matmul,4265.457236208022,200
/matmul,4237.393177114427,200
/matmul,4231.46375734359,200
/matmul,6.3379500061273575,200
/matmul,4169.739986769855,200
/matmul,3.722189925611019,200
/matmul,4171.727972105145,200
/matmul,4167.534668929875,200
/matmul,7.201635278761387,200
/matmul,4150.522762909532,200
/matmul,4091.227407567203,200
/matmul,4062.5238809734583,200
/matmul,5.38241770118475,200
/matmul,4010.961165651679,200
/matmul,4006.199760362506,200
/matmul,3927.087903022766,200
/matmul,5.863552913069725,200
/matmul,3889.68270085752,200
/matmul,3897.7439599111676,200
/matmul,3900.8632665500045,200
/matmul,3894.907341338694,200
/matmul,6.296908482909203,200
/matmul,3850.087438710034,200
/matmul,3788.473827764392,200
/matmul,3763.545203022659,200
/matmul,5.8879973366856575,200
/matmul,3779.9511905759573,200
/matmul,3722.743215970695,200
/matmul,3725.843919441104,200
/matmul,3726.376101374626,200
/matmul,3709.134162403643,200
/matmul,3707.540608011186,200
/matmul,3707.591907121241,200
/matmul,4.586396738886833,200
/matmul,3691.668977960944,200
/matmul,3581.0462422668934,200
/matmul,3545.802534557879,200
/matmul,3527.0431181415915,200
/matmul,3525.171644985676,200
/matmul,3517.034297809005,200
/matmul,5.714076571166515,200
/matmul,3476.9209986552596,200
/matmul,3430.2376322448254,200
/matmul,3.521583043038845,200
/matmul,3414.778762497008,200
/matmul,3417.5896821543574,200
/matmul,3346.3228484615684,200
/matmul,3337.4463468790054,200
/matmul,7.5762225314974785,200
/matmul,3302.9385386034846,200
/matmul,3282.843700610101,200
/matmul,3244.39699947834,200
/matmul,3246.4286843314767,200
/matmul,3177.8314849361777,200
/matmul,3177.76052467525,200
/matmul,3180.187995545566,200
/matmul,3154.2694801464677,200
/matmul,3147.2123693674803,200
/matmul,3149.256872944534,200
/matmul,3153.6599649116397,200
/matmul,3150.912983343005,200
/matmul,3149.575397372246,200
/matmul,3124.434556812048,200
/matmul,3121.628986671567,200
/matmul,3120.656485669315,200
/matmul,4.506213590502739,200
/matmul,3084.6871733665466,200
/matmul,3058.444089256227,200
/matmul,3030.9611251577735,200
/matmul,3028.1115164980292,200
/matmul,3031.1863804236054,200
/matmul,4.199677146971226,200
/matmul,2989.9647552520037,200
/matmul,2981.0539186000824,200
/matmul,2989.0872864052653,200
/matmul,3.222157247364521,200
/matmul,2965.1770694181323,200
/matmul,3.7754252552986145,200
/matmul,2971.050444059074,200
/matmul,2986.27442214638,200
/matmul,2946.810958907008,200
/matmul,2929.7482296824455,200
/matmul,2927.4679822847247,200
/matmul,2928.778533823788,200
/matmul,2921.815760433674,200
/matmul,2908.3089930936694,200
/matmul,2842.0144375413656,200
/matmul,2795.6282552331686,200
/matmul,2784.4030084088445,200
/matmul,2768.9265804365277,200
/matmul,2773.5485918819904,200
/matmul,2749.1046534851193,200
/matmul,2743.579514324665,200
/matmul,2738.595422357321,200
/matmul,2721.9465347006917,200
/matmul,2701.9826900213957,200
/matmul,2699.8804500326514,200
/matmul,2694.437359459698,200
/matmul,2691.9427989050746,200
/matmul,2683.7957678362727,200
/matmul,2656.8527836352587,200
/matmul,2644.86691262573,200
/matmul,2626.2472001835704,200
/matmul,2626.681039109826,200
/matmul,2596.1937233805656,200
/matmul,9.39394161105156,200
/matmul,2593.19821652025,200
/matmul,2565.807775594294,200
/matmul,2571.790453977883,200
/matmul,2575.021231546998,200
/matmul,2541.005278006196,200
/matmul,2551.0936062783003,200
/matmul,2543.221698142588,200
/matmul,2543.8534701243043,200
/matmul,2544.6785716339946,200
/matmul,2485.5567011982203,200
/matmul,2471.4709455147386,200
/matmul,2475.6564181298018,200
/matmul,2433.4522299468517,200
/matmul,2406.7112151533365,200
/matmul,2368.9944250509143,200
/matmul,2365.2228815481067,200
/matmul,2354.4834181666374,200
/matmul,2347.7976489812136,200
/matmul,2331.3945289701223,200
/matmul,2313.810855150223,200
/matmul,2277.666931040585,200
/matmul,2255.467800423503,200
/matmul,2245.1814096421003,200
/matmul,2245.193731971085,200
/matmul,9.917215444147587,200
/matmul,2145.844762213528,200
/matmul,2133.716563694179,200
/matmul,2130.9116994962096,200
/matmul,2127.4423263967037,200
/matmul,2126.1583799496293,200
/matmul,2136.0479099676013,200
/matmul,2113.02038654685,200
/matmul,2072.0564145594835,200
/matmul,2074.8965283855796,200
/matmul,2077.371428720653,200
/matmul,5.5763619020581245,200
/matmul,2048.4308740124106,200
/matmul,3.988209180533886,200
/matmul,2015.452990308404,200
/matmul,2021.813434548676,200
/matmul,2010.7418401166797,200
/matmul,1998.0527516454458,200
/matmul,1989.4855162128806,200
/matmul,1981.5398193895817,200
/matmul,1978.5399176180363,200
/matmul,1943.733205087483,200
/matmul,1950.4558918997645,200
/matmul,1903.5290572792292,200
/matmul,1870.393338613212,200
/matmul,1860.5449246242642,200
/matmul,1847.5587731227279,200
/matmul,1843.8629256561399,200
/matmul,1822.1685430034995,200
/matmul,19.342228770256042,200
/matmul,14.93006106466055,200
/matmul,1621.4701114222407,200
/matmul,1624.1677710786462,200
/matmul,1631.9995885714889,200
/matmul,1623.6936310306191,200
/matmul,1606.5213670954108,200
/matmul,1594.0209068357944,200
/matmul,1596.3160190731287,200
/matmul,1591.877743601799,200
/matmul,1579.1303720325232,200
/matmul,1548.453377559781,200
/matmul,1540.4335632920265,200
/matmul,1538.7101536616683,200
/matmul,6.773855537176132,200
/matmul,1544.3873088806868,200
/matmul,1540.6059231609106,200
/matmul,1542.3441929742694,200
/matmul,1539.3630163744092,200
/matmul,7.55995512008667,200
/matmul,6.826053373515606,200
/matmul,1493.4793235734105,200
/matmul,1497.3689829930663,200
/matmul,1493.8261229544878,200
/matmul,5.425069481134415,200
/matmul,1417.1538455411792,200
/matmul,1412.9750337451696,200
/matmul,1408.7492795661092,200
/matmul,1394.924650900066,200
/matmul,1369.0455798059702,200
/matmul,1369.8903257027268,200
/matmul,7.915043272078037,200
/matmul,1384.4384085386992,200
/matmul,6.946439854800701,200
/matmul,5.381938070058823,200
/matmul,1353.3913819119334,200
/matmul,1346.584458835423,200
/matmul,1347.5983925163746,200
/matmul,1341.8689081445336,200
/matmul,1338.0653485655785,200
/matmul,1335.550108924508,200
/matmul,6.190791726112366,200
/matmul,1329.2444301769137,200
/matmul,5.576428957283497,200
/matmul,1352.0526848733425,200
/matmul,1343.2443654164672,200
/matmul,1248.677846044302,200
/matmul,1225.4533963277936,200
/matmul,1247.5994313135743,200
/matmul,1260.8229303732514,200
/matmul,1267.6278920844197,200
/matmul,1252.2906176745892,200
/matmul,1217.3231625929475,200
/matmul,1199.1460174322128,200
/matmul,1205.2975604310632,200
/matmul,7.212641648948193,200
/matmul,1206.9258522242308,200
/matmul,1163.1851345300674,200
/matmul,1162.202631123364,200
/matmul,1149.9616652727127,200
/matmul,1146.6584922745824,200
/matmul,1131.2554506585002,200
/matmul,1126.3237204402685,200
/matmul,1125.288974493742,200
/matmul,1106.0518566519022,200
/matmul,1060.6166766956449,200
/matmul,1026.1615449562669,200
/matmul,1822.408421896398,200
/matmul,1002.3376373574138,200
/matmul,1006.7001506686211,200
/matmul,1010.9682260081172,200
/matmul,982.3273457586765,200
/matmul,971.3441301137209,200
/matmul,977.029837667942,200
/matmul,992.929951287806,200
/matmul,975.8625021204352,200
/matmul,978.1122971326113,200
/matmul,970.2292233705521,200
/matmul,920.6321658566594,200
/matmul,926.2701040133834,200
/matmul,918.147899210453,200
/matmul,922.7230427786708,200
/matmul,929.9070267006755,200
/matmul,932.3160434141755,200
/matmul,933.7649634107947,200
/matmul,939.5647086203098,200
/matmul,1577.8384413570166,200
/matmul,929.1489263996482,200
/matmul,904.3040480464697,200
/matmul,905.9544671326876,200
/matmul,924.3965670466423,200
/matmul,890.6875550746918,200
/matmul,885.0361239165068,200
/matmul,888.6126903817058,200
/matmul,848.6357629299164,200
/matmul,853.3018818125129,200
/matmul,852.012412622571,200
/matmul,828.1550370156765,200
/matmul,772.260564379394,200
/matmul,757.705420255661,200
/matmul,731.4934646710753,200
/matmul,732.5703538954258,200
/matmul,736.0806260257959,200
/matmul,731.2421482056379,200
/matmul,669.2682299762964,200
/matmul,675.935142673552,200
/matmul,678.2094789668918,200
/matmul,680.2431652322412,200
/matmul,678.9237558841705,200
/matmul,678.3537631854415,200
/matmul,681.3166067004204,200
/matmul,666.0788655281067,200
/matmul,668.6247261241078,200
/matmul,673.6556645482779,200
/matmul,673.8473661243916,200
/matmul,667.7437657490373,200
/matmul,670.5071162432432,200
/matmul,667.7465718239546,200
/matmul,664.5157122984529,200
/matmul,664.6518046036363,200
/matmul,647.7401098236442,200
/matmul,645.0982904061675,200
/matmul,637.1258655562997,200
/matmul,636.2637644633651,200
/matmul,638.6733753606677,200
/matmul,636.3202873617411,200
/matmul,632.8866463154554,200
/matmul,612.3517584055662,200
/matmul,580.8883011341095,200
/matmul,568.1486101821065,200
/matmul,564.3020309507847,200
/matmul,567.5077885389328,200
/matmul,507.1563022211194,200
/matmul,507.2117727249861,200
/matmul,503.61943524330854,200
/matmul,485.0796991959214,200
/matmul,477.6257546618581,200
/matmul,466.139979660511,200
/matmul,475.28653126209974,200
/matmul,478.9899764582515,200
/matmul,476.5625959262252,200
/matmul,467.6210656762123,200
/matmul,461.6089118644595,200
/matmul,460.9944820404053,200
/matmul,455.44639974832535,200
/matmul,419.1859671846032,200
/matmul,418.2247584685683,200
/matmul,423.4027126803994,200
/matmul,400.48607531934977,200
/matmul,401.6182040795684,200
/matmul,396.2508924305439,200
/matmul,384.59966983646154,200
/matmul,380.20828273147345,200
/matmul,318.0618193000555,200
/matmul,308.10350365936756,200
/matmul,289.0894804149866,200
/matmul,285.6941791251302,200
/matmul,292.0846799388528,200
/matmul,304.39256597310305,200
/matmul,314.17882163077593,200
/matmul,305.8957001194358,200
/matmul,262.588731944561,200
/matmul,269.2304961383343,200
/matmul,244.75228320807219,200
/matmul,246.44464440643787,200
/matmul,246.1459506303072,200
/matmul,256.6165653988719,200
/matmul,260.1452376693487,200
/matmul,262.4584836885333,200
/matmul,251.66131183505058,200
/matmul,255.28329890221357,200
/matmul,257.12451338768005,200
/matmul,259.39883943647146,200
/matmul,259.7384825348854,200
/matmul,253.7142988294363,200
/matmul,253.2771583646536,200
/matmul,255.70966210216284,200
/matmul,251.88923627138138,200
/matmul,261.64588890969753,200
/matmul,250.63400156795979,200
/matmul,245.9796080365777,200
/matmul,238.85762505233288,200
/matmul,223.9525755867362,200
/matmul,226.42941400408745,200
/matmul,220.1857278123498,200
/matmul,228.8795206695795,200
/matmul,202.70692463964224,200
/matmul,194.74453013390303,200
/matmul,199.7925629839301,200
/matmul,200.96051413565874,200
/matmul,199.22684971243143,200
/matmul,170.30301596969366,200
/matmul,169.90721132606268,200
/matmul,176.9173899665475,200
/matmul,167.25446749478579,200
/matmul,164.95484113693237,200
/matmul,166.6110511869192,200
/matmul,161.3186076283455,200
/matmul,160.31398437917233,200
/matmul,154.9357557669282,200
/matmul,156.9350603967905,200
/matmul,156.1793014407158,200
/matmul,141.17500558495522,200
/matmul,135.8359782025218,200
/matmul,126.92130357027054,200
/matmul,124.61649253964424,200
/matmul,117.84637160599232,200
/matmul,110.15516892075539,200
/matmul,91.90598223358393,200
/matmul,95.70283815264702,200
/matmul,93.78274530172348,200
/matmul,66.6017783805728,200
/matmul,62.412019819021225,200
/matmul,62.41148244589567,200
/matmul,51.50400195270777,200
/matmul,94.60925869643688,200
/matmul,72.1235703676939,200
/matmul,73.51951207965612,200
/matmul,73.88536259531975,200
/matmul,73.12878407537937,200
/matmul,58.70034173130989,200
/matmul,50.15767924487591,200
/matmul,102.04479098320007,200
/matmul,62.900856137275696,200
/matmul,56.30403012037277,200
/matmul,57.73940496146679,200
/matmul,41.11305810511112,200
/matmul,41.47326294332743,200
/matmul,40.84922932088375,200
/matmul,42.92882513254881,200
/matmul,35.03206931054592,200
/matmul,37.12220024317503,200
/matmul,33.140250481665134,200
/matmul,40.77390395104885,200
/matmul,44.60518807172775,200
/matmul,35.86435969918966,200
/matmul,40.29122460633516,200
/matmul,35.34607496112585,200
/matmul,46.40670493245125,200
/matmul,48.827716149389744,200
/matmul,48.52148238569498,200
/matmul,50.56219268590212,200
/matmul,53.81668824702501,200
/matmul,58.65662731230259,200
/matmul,49.99859165400267,200
/matmul,45.59346195310354,200
/matmul,44.98743172734976,200
/matmul,14.13234043866396,200
/matmul,47.34819568693638,200
/matmul,54.9573078751564,200
/matmul,57.465940713882446,200
/matmul,63.509626314044,200
/matmul,67.54982098937035,200
/matmul,61.73699162900448,200
/matmul,60.47924980521202,200
/matmul,57.564716786146164,200
/matmul,65.46472478657961,200
/matmul,49.37559645622969,200
/matmul,54.125819355249405,200
/matmul,52.495284005999565,200
/matmul,27.227433398365974,200
/matmul,24.94044229388237,200
/matmul,25.40938276797533,200
/matmul,25.80784261226654,200
/matmul,24.76952224969864,200
/matmul,17.32383854687214,200
/matmul,18.085111863911152,200
/matmul,17.40455813705921,200
/matmul,17.2391002997756,200
/matmul,21.847018972039223,200
/matmul,27.807410806417465,200
/matmul,29.676614329218864,200
/matmul,38.709606975317,200
/matmul,40.096016600728035,200
/matmul,48.48614986985922,200
/matmul,42.93494112789631,200
/matmul,46.04795202612877,200
/matmul,50.49856845289469,200
/matmul,47.032871283590794,200
/matmul,36.100661382079124,200
/matmul,29.525544494390488,200
/matmul,21.58326841890812,200
/matmul,20.052007399499416,200
/matmul,28.236670419573784,200
/matmul,27.551492676138878,200
/matmul,33.681915141642094,200
/matmul,39.718191139400005,200
/matmul,40.7435093075037,200
/matmul,37.986645475029945,200
/matmul,20.768561400473118,200
/matmul,20.87445091456175,200
/matmul,24.727245792746544,200
/matmul,30.260118655860424,200
/matmul,35.537075251340866,200
/matmul,36.546675488352776,200
/matmul,45.060861855745316,200
/matmul,44.91838999092579,200
/matmul,53.47477737814188,200
/matmul,63.592998310923576,200
/matmul,64.7094827145338,200
/matmul,64.82263654470444,200
/matmul,58.45151096582413,200
/matmul,46.21736612170935,200
/matmul,46.584502793848515,200
/matmul,46.018848195672035,200
/matmul,50.16308184713125,200
/matmul,47.97408916056156,200
/matmul,45.95156665891409,200
/matmul,40.09684640914202,200
/matmul,15.940509736537933,200
/matmul,14.357706531882286,200
/matmul,13.89511302113533,200
/matmul,18.223420716822147,200
/matmul,18.94145365804434,200
/matmul,38.30853197723627,200
/matmul,22.52433728426695,200
/matmul,20.33053431659937,200
/matmul,24.203619919717312,200
/matmul,14.872506260871887,200
/matmul,19.115470349788666,200
/matmul,22.623687982559204,200
/matmul,27.96328905969858,200
/matmul,37.21933253109455,200
/matmul,43.40288136154413,200
/matmul,40.29856063425541,200
/matmul,40.62195215374231,200
/matmul,43.8450938090682,200
/matmul,47.631251625716686,200
/matmul,38.54003921151161,200
/matmul,50.319877453148365,200
/matmul,39.392112754285336,200
/matmul,42.08786878734827,200
/matmul,40.72329681366682,200
/matmul,45.16056180000305,200
/matmul,49.040031619369984,200
/matmul,52.095070481300354,200
/matmul,60.67109294235706,200
/matmul,47.742169350385666,200
/matmul,49.27635286003351,200
/matmul,50.64520612359047,200
/matmul,67.63937417417765,200
/matmul,70.51477301865816,200
/matmul,71.1508123204112,200
/matmul,78.3819667994976,200
/matmul,77.9035221785307,200
/matmul,81.02013915777206,200
/matmul,84.60840210318565,200
/matmul,86.1312747001648,200
/matmul,93.30840688198805,200
/matmul,84.6186587586999,200
/matmul,81.1658725142479,200
/matmul,97.26894460618496,200
/matmul,99.0234948694706,200
/matmul,100.65500065684319,200
/matmul,87.28783205151558,200
/matmul,90.8938255161047,200
/matmul,95.48314195126295,200
/matmul,97.46664296835661,200
/matmul,103.39314583688974,200
/matmul,105.12273758649826,200
/matmul,95.63010092824697,200
/matmul,89.31076060980558,200
/matmul,96.10933810472488,200
/matmul,89.89507798105478,200
/matmul,90.5535165220499,200
/matmul,72.13182561099529,200
/matmul,69.0501295030117,200
/matmul,62.65502795577049,200
/matmul,66.57388061285019,200
/matmul,70.63760329037905,200
/matmul,60.8412167057395,200
/matmul,58.338033966720104,200
/matmul,31.529602594673634,200
/matmul,17.692946828901768,200
/matmul,36.49806883186102,200
/matmul,39.08163029700518,200
/matmul,36.661756224930286,200
/matmul,23.845585994422436,200
/matmul,38.93418610095978,200
/matmul,32.244873233139515,200
/matmul,35.71606706827879,200
/matmul,41.20755009353161,200
/matmul,38.54245878756046,200
/matmul,38.77559397369623,200
/matmul,41.3703229278326,200
/matmul,16.370173543691635,200
/matmul,19.245024770498276,200
/matmul,19.983838312327862,200
/matmul,42.61018522083759,200
/matmul,38.01553696393967,200
/matmul,47.59613610804081,200
/matmul,46.42763175070286,200
/matmul,45.46701069921255,200
/matmul,27.26531680673361,200
/matmul,26.667152531445026,200
/matmul,17.7318612113595,200
/matmul,24.846382439136505,200
/matmul,21.732722409069538,200
/matmul,17.073425464332104,200
/matmul,24.517912417650223,200
/matmul,20.50613332539797,200
/matmul,26.32823120802641,200
/matmul,26.437953114509583,200
/matmul,46.3737528771162,200
/matmul,49.40676875412464,200
/matmul,51.72457080334425,200
/matmul,53.61971724778414,200
/matmul,56.449160911142826,200
/matmul,63.452739268541336,200
/matmul,53.284309804439545,200
/matmul,40.84349051117897,200
/matmul,45.13907339423895,200
/matmul,34.8310861736536,200
/matmul,35.251373425126076,200
/matmul,30.185937881469727,200
/matmul,30.929112806916237,200
/matmul,33.299438655376434,200
/matmul,16.94246008992195,200
/matmul,22.7958457544446,200
/matmul,22.6780092343688,200
/matmul,34.27889943122864,200
/matmul,38.49685937166214,200
/matmul,39.687663316726685,200
/matmul,42.44749154895544,200
/matmul,42.28651523590088,200
/matmul,52.064621821045876,200
/matmul,56.863402016460896,200
/matmul,60.509659349918365,200
/matmul,66.16473197937012,200
/matmul,69.73726209253073,200
/matmul,71.99868652969599,200
/matmul,68.61265655606985,200
/matmul,74.64471273124218,200
/matmul,83.80443323403597,200
/matmul,80.41809406131506,200
/matmul,78.09280976653099,200
/matmul,80.98460454493761,200
/matmul,82.5916538015008,200
/matmul,86.73094678670168,200
/matmul,83.45114625990391,200
/matmul,93.77198573201895,200
/matmul,75.02567116171122,200
/matmul,84.77548602968454,200
/matmul,86.21448464691639,200
/matmul,83.1769248470664,200
/matmul,85.67963540554047,200
/matmul,87.83804718405008,200
/matmul,110.41403468698263,200
/matmul,114.38319552689791,200
/matmul,113.297950476408,200
/matmul,116.67931452393532,200
/matmul,121.08214944601059,200
/matmul,128.51958442479372,200
/matmul,126.05012115091085,200
/matmul,136.22205704450607,200
/matmul,139.0487737953663,200
/matmul,139.90997057408094,200
/matmul,145.92320751398802,200
/matmul,150.242124684155,200
/matmul,163.93036395311356,200
/matmul,163.04482705891132,200
/matmul,171.99034709483385,200
/matmul,157.034981995821,200
/matmul,161.48946061730385,200
/matmul,161.4241125062108,200
/matmul,156.73689264804125,200
/matmul,166.65599308907986,200
/matmul,161.69812995940447,200
/matmul,163.88262156397104,200
/matmul,169.90336775779724,200
/matmul,171.24849557876587,200
/matmul,169.08110305666924,200
/matmul,169.80196256190538,200
/matmul,173.19274973124266,200
/matmul,184.3770146369934,200
/matmul,184.72694419324398,200
/matmul,172.09433019161224,200
/matmul,167.3270771279931,200
/matmul,154.8696318641305,200
/matmul,154.09832261502743,200
/matmul,154.35941144824028,200
/matmul,150.24967584758997,200
/matmul,155.8178924024105,200
/matmul,154.12495378404856,200
/matmul,150.3525683656335,200
/matmul,155.03360610455275,200
/matmul,154.92336731404066,200
/matmul,158.85617397725582,200
/matmul,136.17109321057796,200
/matmul,121.93183787167072,200
/matmul,136.7695415392518,200
/matmul,128.45068518072367,200
/matmul,124.03191812336445,200
/matmul,115.89514929801226,200
/matmul,120.82968931645155,200
/matmul,126.04281678795815,200
/matmul,125.99921971559525,200
/matmul,109.95040275156498,200
/matmul,121.23636435717344,200
/matmul,119.6497268974781,200
/matmul,122.26053141057491,200
/matmul,121.49986438453197,200
/matmul,123.86886216700077,200
/matmul,127.6914682239294,200
/matmul,126.89108494669199,200
/matmul,126.98882911354303,200
/matmul,123.54679871350527,200
/matmul,131.56210724264383,200
/matmul,131.65279757231474,200
/matmul,141.13978948444128,200
/matmul,136.31460908800364,200
/matmul,142.67028123140335,200
/matmul,127.41764448583126,200
/matmul,130.82727137953043,200
/matmul,135.14722138643265,200
/matmul,133.866379968822,200
/matmul,143.07498559355736,200
/matmul,150.7287798449397,200
/matmul,148.3199642971158,200
/matmul,144.57016158849,200
/matmul,154.6514816582203,200
/matmul,131.76876213401556,200
/matmul,129.4085942208767,200
/matmul,199.78636596351862,200
/matmul,205.32623399049044,200
/matmul,153.00329588353634,200
/matmul,171.582511626184,200
/matmul,181.78539164364338,200
/matmul,186.95692252367735,200
/matmul,190.81474747508764,200
/matmul,97.70367946475744,200
/matmul,116.43474362790585,200
/matmul,120.22831104695797,200
/matmul,124.36033133417368,200
/matmul,131.69067446142435,200
/matmul,133.59422609210014,200
/matmul,146.8822741881013,200
/matmul,166.7978698387742,200
/matmul,68.0150669068098,200
/matmul,69.66317165642977,200
/matmul,70.40232140570879,200
/matmul,73.21425620466471,200
/matmul,85.78829932957888,200
/matmul,89.19746521860361,200
/matmul,96.4162778109312,200
/matmul,99.43139832466841,200
/matmul,103.90977840870619,200
/matmul,101.6040313988924,200
/matmul,104.05481141060591,200
/matmul,102.40058228373528,200
/matmul,96.87490481883287,200
/matmul,98.56827650219202,200
/matmul,101.2451034039259,200
/matmul,104.12160865962505,200
/matmul,172.7178692817688,200
/matmul,115.41220359504223,200
/matmul,108.78961067646742,200
/matmul,106.45698104053736,200
/matmul,109.30897388607264,200
/matmul,109.9152509123087,200
/matmul,117.70145129412413,200
/matmul,121.24480679631233,200
/matmul,108.81716664880514,200
/matmul,116.40141159296036,200
/matmul,110.29268242418766,200
/matmul,108.96867979317904,200
/matmul,100.65471474081278,200
/matmul,94.33575998991728,200
/matmul,77.47629750519991,200
/matmul,64.71909489482641,200
/matmul,42.856838554143906,200
/matmul,40.42729642242193,200
/matmul,35.4780126363039,200
/matmul,27.98137627542019,200
/matmul,37.27606497704983,200
/matmul,42.67837852239609,200
/matmul,43.301873840391636,200
/matmul,44.580549001693726,200
/matmul,51.50631070137024,200
/matmul,42.762198485434055,200
/matmul,44.93584576994181,200
/matmul,20.22678405046463,200
/matmul,37.16574516147375,200
/matmul,33.403582870960236,200
/matmul,30.929445289075375,200
/matmul,21.21464442461729,200
/matmul,25.22672340273857,200
/matmul,38.37393503636122,200
/matmul,61.611708253622055,200
/matmul,68.01994983106852,200
/matmul,74.78742115199566,200
/matmul,74.9251814559102,200
/matmul,79.1839100420475,200
/matmul,78.95972579717636,200
/matmul,78.85728776454926,200
/matmul,80.70775121450424,200
/matmul,78.48967332392931,200
/matmul,112.7201747149229,200
/matmul,81.74051623791456,200
/matmul,80.51386289298534,200
/matmul,83.9486988261342,200
/matmul,78.23685836046934,200
/matmul,69.09502949565649,200
/matmul,79.50179651379585,200
/matmul,75.46248752623796,200
/matmul,39.575894363224506,200
/matmul,37.35523018985987,200
/matmul,12.980053201317787,200
/matmul,19.237411208450794,200
/matmul,33.23227632790804,200
/matmul,57.01647140085697,200
/matmul,55.791969411075115,200
/matmul,57.03616514801979,200
/matmul,58.980884961783886,200
/matmul,62.58316617459059,200
/matmul,58.52392502129078,200
/matmul,55.076916702091694,200
/matmul,55.428145453333855,200
/matmul,49.722800962626934,200
/matmul,53.28559968620539,200
/matmul,16.71841647475958,200
/matmul,18.100759014487267,200
/matmul,23.27814418822527,200
/matmul,23.192518390715122,200
/matmul,27.381043881177902,200
/matmul,20.707082003355026,200
/matmul,19.527208991348743,200
/matmul,30.43344710022211,200
/matmul,31.98542259633541,200
/matmul,24.98315554112196,200
/matmul,28.66354025900364,200
/matmul,23.19980226457119,200
/matmul,25.65037738531828,200
/matmul,31.565529294312,200
/matmul,25.911989621818066,200
/matmul,24.026880972087383,200
/matmul,24.8133921995759,200
/matmul,17.26733334362507,200
/matmul,24.752186611294746,200
/matmul,25.51493141800165,200
/matmul,7.661541923880577,200
/matmul,32.047200947999954,200
/matmul,25.003783404827118,200
/matmul,23.319668136537075,200
/matmul,12.437005527317524,200
/matmul,19.82465386390686,200
/matmul,42.62180719524622,200
/matmul,5.847620777785778,200
/matmul,5.940502509474754,200
/matmul,52.046798169612885,200
/matmul,36.7995984852314,200
/matmul,37.45465539395809,200
/matmul,40.59261456131935,200
/matmul,33.5801700130105,200
/matmul,7.4973683804273605,200
/matmul,52.30203829705715,200
/matmul,8.303218521177769,200
/matmul,54.97287306934595,200
/matmul,57.32942372560501,200
/matmul,67.48157646507025,200
/matmul,70.0644813477993,200
/matmul,74.09310154616833,200
/matmul,63.242207281291485,200
/matmul,65.70525746792555,200
/matmul,64.13168739527464,200
/matmul,5.20244799554348,200
/matmul,59.00345370173454,200
/matmul,56.763818487524986,200
/matmul,3.4154076129198074,200
/matmul,46.285285614430904,200
/matmul,8.42458289116621,200
/matmul,65.01850578933954,200
/matmul,52.614448592066765,200
/matmul,50.57020951062441,200
/matmul,55.030462332069874,200
/matmul,4.462060518562794,200
/matmul,61.82258576154709,200
/matmul,4.033369943499565,200
/matmul,65.3086006641388,200
/matmul,63.366287387907505,200
/matmul,65.2387198060751,200
/matmul,52.62195412069559,200
/matmul,61.80811487138271,200
/matmul,65.9544076770544,200
/matmul,5.247266963124275,200
/matmul,76.23321190476418,200
/matmul,76.36461034417152,200
/matmul,76.97021961212158,200
/matmul,79.14572767913342,200
/matmul,82.0138854905963,200
/matmul,75.62465406954288,200
/matmul,72.76716083288193,200
/matmul,70.66054828464985,200
/matmul,65.7143946737051,200
/matmul,4.066897556185722,200
/matmul,58.09798464179039,200
/matmul,63.772907480597496,200
/matmul,62.99006938934326,200
/matmul,7.420158013701439,200
/matmul,54.55906316637993,200
/matmul,5.110779777169228,200
/matmul,53.906564600765705,200
/matmul,54.05866075307131,200
/matmul,51.05436407029629,200
/matmul,65.75330439954996,200
/matmul,51.87909957021475,200
/matmul,5.073443986475468,200
/matmul,50.20463466644287,200
/matmul,41.4793211966753,200
/matmul,59.036316350102425,200
/matmul,36.421846598386765,200
/matmul,28.506824746727943,200
/matmul,23.61280471086502,200
/matmul,38.6741915717721,200
/matmul,40.83060473203659,200
/matmul,41.78896453231573,200
/matmul,9.609193541109562,200
/matmul,30.615417286753654,200
/matmul,3.5501327365636826,200
/matmul,43.81399415433407,200
/matmul,52.11861338466406,200
/matmul,3.686645068228245,200
/matmul,57.713618502020836,200
/matmul,58.98362956941128,200
/matmul,52.254464477300644,200
/matmul,54.92486525326967,200
/matmul,53.53633966296911,200
/matmul,5.538308992981911,200
/matmul,52.09431145340204,200
/matmul,2.657112665474415,200
/matmul,38.822462782263756,200
/matmul,4.713612608611584,200
/matmul,19.932002760469913,200
/matmul,23.131955415010452,200
/matmul,4.127567633986473,200
/matmul,33.33178162574768,200
/matmul,29.473301954567432,200
/matmul,32.170998863875866,200
/matmul,34.78632494807243,200
/matmul,28.95565889775753,200
/matmul,20.66247910261154,200
/matmul,24.064925499260426,200
/matmul,20.353591069579124,200
/matmul,22.027079947292805,200
/matmul,3.9657512679696083,200
/matmul,32.18020498752594,200
/matmul,22.89851661771536,200
/matmul,40.335011668503284,200
/matmul,36.71355824917555,200
/matmul,64.07987140119076,200
/matmul,62.184554524719715,200
/matmul,68.16606037318707,200
/matmul,74.02264699339867,200
/matmul,7.339543662965298,200
/matmul,79.25668265670538,200
/matmul,66.55130535364151,200
/matmul,69.88156214356422,200
/matmul,69.86487191170454,200
/matmul,73.30847438424826,200
/matmul,71.53287157416344,200
/matmul,2.8984015807509422,200
/matmul,3.9301030337810516,200
/matmul,74.80602618306875,200
/matmul,80.78991901129484,200
/matmul,4.186136648058891,200
/matmul,79.84037604182959,200
/matmul,5.8555928990244865,200
/matmul,85.23626625537872,200
/matmul,90.06865788251162,200
/matmul,3.9692167192697525,200
/matmul,91.387371532619,200
/matmul,4.789820872247219,200
/matmul,83.98157823830843,200
/matmul,84.52345989644527,200
/matmul,83.52964464575052,200
/matmul,84.89533886313438,200
/matmul,90.88911674916744,200
/matmul,4.146958701312542,200
/matmul,89.857024140656,200
/matmul,82.42497593164444,200
/matmul,9.14835836738348,200
/matmul,12.302746996283531,200
/matmul,5.235724151134491,200
/matmul,88.45782279968262,200
/matmul,3.958902321755886,200
/matmul,82.32349157333374,200
/matmul,72.09816109389067,200
/matmul,70.44090889394283,200
/matmul,5.270092748105526,200
/matmul,37.17469330877066,200
/matmul,39.890117943286896,200
/matmul,4.075884819030762,200
/matmul,18.998819403350353,200
/matmul,4.880864173173904,200
/matmul,17.065159045159817,200
/matmul,4.425164312124252,200
/matmul,17.31597725301981,200
/matmul,15.931161120533943,200
/matmul,21.84940781444311,200
/matmul,9.160931222140789,200
/matmul,8.616600185632706,200
/matmul,25.20500309765339,200
/matmul,22.99845777451992,200
/matmul,25.84661263972521,200
/matmul,25.738371536135674,200
/matmul,6.887677125632763,200
/matmul,21.405572071671486,200
/matmul,4.952261224389076,200
/matmul,5.989977158606052,200
/matmul,48.83044399321079,200
/matmul,52.05517075955868,200
/matmul,54.192254319787025,200
/matmul,61.87026668339968,200
/matmul,62.19019275158644,200
/matmul,58.94580855965614,200
/matmul,57.00305476784706,200
/matmul,36.91931441426277,200
/matmul,32.04256296157837,200
/matmul,8.90838261693716,200
/matmul,5.084792152047157,200
/matmul,14.348190277814865,200
/matmul,5.652742460370064,200
/matmul,24.22296814620495,200
/matmul,6.397227756679058,200
/matmul,5.503998138010502,200
/matmul,5.097729153931141,200
/matmul,15.701774507761002,200
/matmul,7.850955240428448,200
/matmul,7.787713780999184,200
/matmul,16.96203090250492,200
/matmul,6.2367282807827,200
/matmul,15.569391660392284,200
/matmul,4.078171215951443,200
/matmul,15.975560992956161,200
/matmul,5.7195015251636505,200
/matmul,16.468803398311138,200
/matmul,4.535333253443241,200
/matmul,23.665394634008408,200
/matmul,43.14087610691786,200
/matmul,3.954152576625347,200
/matmul,46.67377471923828,200
/matmul,15.55861160159111,200
/matmul,15.802742913365364,200
/matmul,7.983328774571419,200
/matmul,4.029811359941959,200
/matmul,4.7224825248122215,200
/matmul,18.989340402185917,200
/matmul,6.5962644293904305,200
/matmul,6.861027330160141,200
/matmul,4.020200110971928,200
/matmul,24.118702858686447,200
/matmul,5.965656600892544,200
/matmul,32.39447437226772,200
/matmul,32.26758260279894,200
/matmul,4.3832529336214066,200
/matmul,31.411263160407543,200
/matmul,29.38791085034609,200
/matmul,27.977686375379562,200
/matmul,18.030068837106228,200
/matmul,5.925203673541546,200
/matmul,6.431445479393005,200
/matmul,38.12502138316631,200
/matmul,40.15127941966057,200
/matmul,38.87435048818588,200
/matmul,44.94277946650982,200
/matmul,47.11713548749685,200
/matmul,4.39510028809309,200
/matmul,3.9237728342413902,200
/matmul,6.494804285466671,200
/matmul,6.918652914464474,200
/matmul,51.41678638756275,200
/matmul,49.5291780680418,200
/matmul,18.492933362722397,200
/matmul,15.349616296589375,200
/matmul,15.992946922779083,200
/matmul,32.47411176562309,200
/matmul,4.041437990963459,200
/matmul,5.065222270786762,200
/matmul,33.52511953562498,200
/matmul,8.884849958121777,200
/matmul,12.035666964948177,200
/matmul,9.417966939508915,200
/matmul,38.547083735466,200
/matmul,39.439898915588856,200
/matmul,42.089526541531086,200
/matmul,42.57216490805149,200
/matmul,3.01338080316782,200
/matmul,24.986915290355682,200
/matmul,33.08776579797268,200
/matmul,4.516168497502804,200
/matmul,33.14817696809769,200
/matmul,34.01196841150522,200
/matmul,5.175354890525341,200
/matmul,53.737773559987545,200
/matmul,29.532138258218765,200
/matmul,33.3860507234931,200
/matmul,34.85436271876097,200
/matmul,30.30379395931959,200
/matmul,32.58583601564169,200
/matmul,34.13947485387325,200
/matmul,34.793904051184654,200
/matmul,24.691207334399223,200
/matmul,4.574120976030827,200
/matmul,5.231747403740883,200
/matmul,24.92372877895832,200
/matmul,29.37700506299734,200
/matmul,30.430812388658524,200
/matmul,31.531624495983124,200
/matmul,33.03471114486456,200
/matmul,6.362122483551502,200
/matmul,47.62079752981663,200
/matmul,10.653158649802208,200
/matmul,49.00571424514055,200
/matmul,50.397660583257675,200
/matmul,4.394867457449436,200
/matmul,5.347665399312973,200
/matmul,70.88364381343126,200
/matmul,43.01987960934639,200
/matmul,7.334318943321705,200
/matmul,5.628380924463272,200
/matmul,3.5134805366396904,200
/matmul,73.72399047017097,200
/matmul,4.80481144040823,200
/matmul,67.61436350643635,200
/matmul,67.89448764175177,200
/matmul,48.54697734117508,200
/matmul,6.99483510106802,200
/matmul,17.770412378013134,200
/matmul,5.3155021741986275,200
/matmul,19.213978201150894,200
/matmul,5.456177517771721,200
/matmul,23.482530377805233,200
/matmul,3.455652855336666,200
/matmul,5.617538467049599,200
/matmul,39.347206242382526,200
/matmul,40.07436241954565,200
/matmul,43.24984457343817,200
/matmul,43.81151311099529,200
/matmul,3.4946948289871216,200
/matmul,53.19125670939684,200
/matmul,3.4352922812104225,200
/matmul,48.71355555951595,200
/matmul,4.26783412694931,200
/matmul,49.02149084955454,200
/matmul,3.879847005009651,200
/matmul,46.92223481833935,200
/matmul,32.03294612467289,200
/matmul,13.28918058425188,200
/matmul,5.597827956080437,200
/matmul,3.4221960231661797,200
/matmul,18.25399324297905,200
/matmul,34.793003462255,200
/matmul,6.883701309561729,200
/matmul,4.354748874902725,200
/matmul,36.07524652034044,200
/matmul,53.45590133219957,200
/matmul,54.00237534195185,200
/matmul,53.91355790197849,200
/matmul,47.2970912232995,200
/matmul,13.105941005051136,200
/matmul,3.275904804468155,200
/matmul,4.037811420857906,200
/matmul,13.132516294717789,200
/matmul,15.63237328082323,200
/matmul,16.31604041904211,200
/matmul,4.389851354062557,200
/matmul,28.932279907166958,200
/matmul,19.75559163838625,200
/matmul,6.904046982526779,200
/matmul,17.646006308496,200
/matmul,3.334750421345234,200
/matmul,19.91262286901474,200
/matmul,3.1853625550866127,200
/matmul,4.030403681099415,200
/matmul,31.569060869514942,200
/matmul,28.737097047269344,200
/matmul,36.166771315038204,200
/matmul,32.17593394219875,200
/matmul,3.0051274225115776,200
/matmul,35.14122869819403,200
/matmul,28.966110199689865,200
/matmul,12.576634995639324,200
/matmul,4.799230955541134,200
/matmul,14.591471292078495,200
/matmul,2.9482096433639526,200
/matmul,14.487684704363346,200
/matmul,16.391192562878132,200
/matmul,17.86334067583084,200
/matmul,4.754353314638138,200
/matmul,19.767132587730885,200
/matmul,18.753042444586754,200
/matmul,4.107613116502762,200
/matmul,23.660593666136265,200
/matmul,27.308684773743153,200
/matmul,7.127324119210243,200
/matmul,5.228179506957531,200
/matmul,32.40989241749048,200
/matmul,2.261943183839321,200
/matmul,40.10330606251955,200
/matmul,43.97101979702711,200
/matmul,3.8058292120695114,200
/matmul,6.731723435223103,200
/matmul,54.76619862020016,200
/matmul,58.132851496338844,200
/matmul,3.788027912378311,200
/matmul,57.78432823717594,200
/matmul,3.198745660483837,200
/matmul,65.31377322971821,200
/matmul,74.96205810457468,200
/matmul,74.31892585009336,200
/matmul,78.56363244354725,200
/matmul,98.75786118209362,200
/matmul,98.5152143985033,200
/matmul,100.50157830119133,200
/matmul,97.84385748207569,200
/matmul,98.03696721792221,200
/matmul,98.53056911379099,200
/matmul,4.092257469892502,200
/matmul,142.12552551180124,200
/matmul,5.547872744500637,200
/matmul,111.66741885244846,200
/matmul,122.80706595629454,200
/matmul,128.88064701110125,200
/matmul,129.8748403787613,200
/matmul,125.30544027686119,200
/matmul,123.96456114947796,200
/matmul,129.77231573313475,200
/matmul,132.48876854777336,200
/matmul,136.5936193615198,200
/matmul,3.915742039680481,200
/matmul,105.67844472825527,200
/matmul,169.2776447162032,200
/matmul,82.76646304875612,200
/matmul,60.73232460767031,200
/matmul,5.146675743162632,200
/matmul,43.54678839445114,200
/matmul,37.82459255307913,200
/matmul,41.874835267663,200
/matmul,44.98368129134178,200
/matmul,44.721552170813084,200
/matmul,48.40399418026209,200
/matmul,45.03801744431257,200
/matmul,3.3666063100099564,200
/matmul,51.743000745773315,200
/matmul,53.910295478999615,200
/matmul,52.69043147563934,200
/matmul,47.43037838488817,200
/matmul,3.6527058109641075,200
/matmul,51.023129373788834,200
/matmul,83.84331129491329,200
/matmul,71.48156967014074,200
/matmul,86.29485964775085,200
/matmul,6.561831571161747,200
/matmul,87.6208720728755,200
/matmul,80.53131401538849,200
/matmul,73.48777819424868,200
/matmul,81.8418301641941,200
/matmul,130.18306624144316,200
/matmul,85.02489235252142,200
/matmul,84.84772127121687,200
/matmul,4.417167045176029,200
/matmul,84.34390090405941,200
/matmul,2.8245896100997925,200
/matmul,92.12642628699541,200
/matmul,134.98892076313496,200
/matmul,88.97980023175478,200
/matmul,87.27072365581989,200
/matmul,90.37400409579277,200
/matmul,88.25108967721462,200
/matmul,54.67494484037161,200
/matmul,51.93282105028629,200
/matmul,30.74648231267929,200
/matmul,31.927842646837234,200
/matmul,34.78776849806309,200
/matmul,16.51069149374962,200
/matmul,14.025998301804066,200
/matmul,14.529264532029629,200
/matmul,83.9600982144475,200
/matmul,80.15310484915972,200
/matmul,100.04205349832773,200
/matmul,103.55828609317541,200
/matmul,107.99871943891048,200
/matmul,115.92123471200466,200
/matmul,117.21783690154552,200
/matmul,130.0769066438079,200
/matmul,137.81925942748785,200
/matmul,140.2341742068529,200
/matmul,143.55606492608786,200
/matmul,144.78973392397165,200
/matmul,151.55327785760164,200
/matmul,150.54868254810572,200
/matmul,149.77106265723705,200
/matmul,142.17113703489304,200
/matmul,155.55040631443262,200
/matmul,162.70200069993734,200
